CompanyName,CompanyNumber,RegAddress.CareOf,RegAddress.POBox,RegAddress.AddressLine1,RegAddress.AddressLine2,RegAddress.PostTown,RegAddress.County,RegAddress.Country,RegAddress.PostCode,CompanyCategory,CompanyStatus,CountryOfOrigin,DissolutionDate,IncorporationDate,SICCode.SicText_1,SICCode.SicText_2,SICCode.SicText_3,SICCode.SicText_4,URI
Marlborough Enterprises LIMITED,01000000,,,75 High Street,,Sheffield,,United Kingdom,CF10 1RA,Private Limited Company,Active,United Kingdom,,22/05/2011,47190 - Other retail sale in non-specialised stores,,,,http://business.data.gov.uk/id/company/01000000
Fairhaven Investments PLC,01000001,,,59 Kings Avenue,,Cardiff,,United Kingdom,EC1V 3SG,Private Limited Company,Active,United Kingdom,,17/05/2006,70100 - Activities of head offices,,,,http://business.data.gov.uk/id/company/01000001
Pinnacle Properties LTD,SC1000002,,,249 Mill Lane,,London,,United Kingdom,SW1A 9WP,Private Limited Company,Active,United Kingdom,,11/04/1999,68209 - Other letting and operating of own or leased real estate,,,,http://business.data.gov.uk/id/company/SC1000002
Ashcroft Capital 11 LIMITED,01000003,,,18 Kings Avenue,,Birmingham,,United Kingdom,BS1 8QN,Private Limited Company,Liquidation,United Kingdom,,18/10/2022,82990 - Other business support service activities n.e.c.,,,,http://business.data.gov.uk/id/company/01000003
Kingsway Capital PLC,01000004,,,176 Station Road,,Edinburgh,,United Kingdom,N1 9HG,Private Limited Company,Active,United Kingdom,,08/03/2017,47190 - Other retail sale in non-specialised stores,,,,http://business.data.gov.uk/id/company/01000004
Harbourview Management 6 LTD,01000005,,,162 Kings Avenue,,Leeds,,United Kingdom,L1 4SF,Private Limited Company,Active,United Kingdom,,16/01/2015,70100 - Activities of head offices,,,,http://business.data.gov.uk/id/company/01000005
Harbourview Properties 34 LIMITED,01000006,,,98 High Street,,Liverpool,,United Kingdom,BS1 6SB,Private Limited Company,Active,United Kingdom,,21/05/1998,70100 - Activities of head offices,,,,http://business.data.gov.uk/id/company/01000006
Harbourview Resources PLC,01000007,,,34 High Street,,London,,United Kingdom,EH1 3QJ,Private Limited Company,Active,United Kingdom,,02/07/2008,47190 - Other retail sale in non-specialised stores,,,,http://business.data.gov.uk/id/company/01000007
Silverline Investments LLP,01000008,,,102 Station Road,,Glasgow,,United Kingdom,CF10 1RB,Private Limited Company,Active,United Kingdom,,25/09/2018,64209 - Activities of other holding companies n.e.c.,,,,http://business.data.gov.uk/id/company/01000008
Meridian Resources PLC,01000009,,,130 Bridge Street,,Edinburgh,,United Kingdom,BS1 6DD,Private Limited Company,Dissolved,United Kingdom,,06/09/1998,82990 - Other business support service activities n.e.c.,,,,http://business.data.gov.uk/id/company/01000009
Harbourview Investments PLC,01000010,,,81 Manor Way,,Sheffield,,United Kingdom,N1 7AH,Private Limited Company,Active,United Kingdom,,15/12/1997,70100 - Activities of head offices,,,,http://business.data.gov.uk/id/company/01000010
Whitehall Enterprises 29 PLC,01000011,,,221 Bridge Street,,Sheffield,,United Kingdom,G2 7FE,Private Limited Company,Active,United Kingdom,,23/12/2011,68209 - Other letting and operating of own or leased real estate,,,,http://business.data.gov.uk/id/company/01000011
Crestwood Capital LLP,01000012,,,215 Queens Road,,Glasgow,,United Kingdom,S1 8AT,Private Limited Company,Active,United Kingdom,,18/12/2011,68209 - Other letting and operating of own or leased real estate,,,,http://business.data.gov.uk/id/company/01000012
Ironbridge Management PLC,01000013,,,12 Mill Lane,,Sheffield,,United Kingdom,WC2H 4JD,Private Limited Company,Active,United Kingdom,,03/12/2017,47190 - Other retail sale in non-specialised stores,,,,http://business.data.gov.uk/id/company/01000013
Sterling Capital PLC,01000014,,,119 Mill Lane,,Edinburgh,,United Kingdom,LS1 1DJ,Private Limited Company,Active,United Kingdom,,10/08/2001,68209 - Other letting and operating of own or leased real estate,,,,http://business.data.gov.uk/id/company/01000014
Redwood Resources PLC,01000015,,,13 Church Lane,,Sheffield,,United Kingdom,LS1 9DR,Private Limited Company,Active,United Kingdom,,13/05/2012,82990 - Other business support service activities n.e.c.,,,,http://business.data.gov.uk/id/company/01000015
Marlborough Enterprises LLP,01000016,,,54 Victoria Road,,Birmingham,,United Kingdom,B3 1JR,Private Limited Company,Dissolved,United Kingdom,,15/05/1991,68209 - Other letting and operating of own or leased real estate,,,,http://business.data.gov.uk/id/company/01000016
Thornbury Partners LLP,01000017,,,118 Queens Road,,Edinburgh,,United Kingdom,BS1 9EW,Private Limited Company,Active,United Kingdom,,25/04/2021,68209 - Other letting and operating of own or leased real estate,,,,http://business.data.gov.uk/id/company/01000017
Ludgate Properties LIMITED,01000018,,,25 Kings Avenue,,Glasgow,,United Kingdom,N1 3PW,Private Limited Company,Active,United Kingdom,,11/01/1998,70100 - Activities of head offices,,,,http://business.data.gov.uk/id/company/01000018
Ludgate Trading LLP,01000019,,,109 Kings Avenue,,Leeds,,United Kingdom,S1 4AA,Private Limited Company,Active,United Kingdom,,14/12/2003,64209 - Activities of other holding companies n.e.c.,,,,http://business.data.gov.uk/id/company/01000019
Beaconsfield Partners LIMITED,01000020,,,96 Manor Way,,London,,United Kingdom,N1 3UY,Private Limited Company,Liquidation,United Kingdom,,11/08/2020,47190 - Other retail sale in non-specialised stores,,,,http://business.data.gov.uk/id/company/01000020
Ravensworth Management PLC,01000021,,,243 Park View,,Manchester,,United Kingdom,LS1 3GU,Private Limited Company,Active,United Kingdom,,17/11/2012,64209 - Activities of other holding companies n.e.c.,,,,http://business.data.gov.uk/id/company/01000021
Kingsway Management LIMITED,01000022,,,228 High Street,,Cardiff,,United Kingdom,WC2H 4SZ,Private Limited Company,Active,United Kingdom,,24/01/1998,47190 - Other retail sale in non-specialised stores,,,,http://business.data.gov.uk/id/company/01000022
Harbourview Investments 23 LIMITED,01000023,,,31 Station Road,,Sheffield,,United Kingdom,LS1 5HQ,Private Limited Company,Active,United Kingdom,,07/06/1999,68209 - Other letting and operating of own or leased real estate,,,,http://business.data.gov.uk/id/company/01000023
Marlborough Holdings 9 PLC,01000024,,,144 Station Road,,Cardiff,,United Kingdom,CF10 7PH,Private Limited Company,Active,United Kingdom,,09/07/1992,68209 - Other letting and operating of own or leased real estate,,,,http://business.data.gov.uk/id/company/01000024
Ravensworth Investments LTD,01000025,,,212 Bridge Street,,Leeds,,United Kingdom,G2 3ZX,Private Limited Company,Active,United Kingdom,,12/05/2015,47190 - Other retail sale in non-specialised stores,,,,http://business.data.gov.uk/id/company/01000025
Beaconsfield Holdings PLC,SC1000026,,,245 Park View,,Sheffield,,United Kingdom,S1 4UG,Private Limited Company,Active,United Kingdom,,22/10/1994,47190 - Other retail sale in non-specialised stores,,,,http://business.data.gov.uk/id/company/SC1000026
Sterling Capital LLP,01000027,,,3 Queens Road,,London,,United Kingdom,S1 6RF,Private Limited Company,Active,United Kingdom,,19/05/2001,82990 - Other business support service activities n.e.c.,,,,http://business.data.gov.uk/id/company/01000027
Ravensworth Partners LLP,01000028,,,122 Church Lane,,Leeds,,United Kingdom,CF10 2YE,Private Limited Company,Active,United Kingdom,,17/08/2010,64209 - Activities of other holding companies n.e.c.,,,,http://business.data.gov.uk/id/company/01000028
Longacre Partners PLC,01000029,,,24 Queens Road,,Cardiff,,United Kingdom,S1 8XU,Private Limited Company,Active,United Kingdom,,13/10/2005,64209 - Activities of other holding companies n.e.c.,,,,http://business.data.gov.uk/id/company/01000029
Ironbridge Enterprises LIMITED,01000030,,,230 Park View,,Sheffield,,United Kingdom,EH1 4RP,Private Limited Company,Active,United Kingdom,,16/09/2021,64209 - Activities of other holding companies n.e.c.,,,,http://business.data.gov.uk/id/company/01000030
Whitehall Trading LIMITED,01000031,,,4 Station Road,,Cardiff,,United Kingdom,M1 5UR,Private Limited Company,Active,United Kingdom,,20/06/2023,68209 - Other letting and operating of own or leased real estate,,,,http://business.data.gov.uk/id/company/01000031
Sterling Holdings LTD,01000032,,,92 Mill Lane,,Glasgow,,United Kingdom,B3 7XJ,Private Limited Company,Active,United Kingdom,,01/08/2008,70100 - Activities of head offices,,,,http://business.data.gov.uk/id/company/01000032
Ravensworth Holdings LIMITED,01000033,,,201 Bridge Street,,Leeds,,United Kingdom,L1 9PQ,Private Limited Company,Active,United Kingdom,,26/08/1992,64209 - Activities of other holding companies n.e.c.,,,,http://business.data.gov.uk/id/company/01000033
Crestwood Capital LIMITED,01000034,,,122 Manor Way,,Sheffield,,United Kingdom,S1 2XE,Private Limited Company,Active,United Kingdom,,09/12/2003,64209 - Activities of other holding companies n.e.c.,,,,http://business.data.gov.uk/id/company/01000034
Aldgate Ventures 4 LTD,01000035,,,100 Church Lane,,Cardiff,,United Kingdom,LS1 8BN,Private Limited Company,Active,United Kingdom,,22/06/2003,70100 - Activities of head offices,,,,http://business.data.gov.uk/id/company/01000035
Meridian Properties LLP,01000036,,,229 Queens Road,,Sheffield,,United Kingdom,W1D 2NQ,Private Limited Company,Active,United Kingdom,,26/12/1997,68209 - Other letting and operating of own or leased real estate,,,,http://business.data.gov.uk/id/company/01000036
Pinnacle Trading LLP,01000037,,,165 Mill Lane,,London,,United Kingdom,SW1A 6HP,Private Limited Company,Active,United Kingdom,,23/09/2020,47190 - Other retail sale in non-specialised stores,,,,http://business.data.gov.uk/id/company/01000037
Thornbury Holdings 19 PLC,01000038,,,175 Mill Lane,,Cardiff,,United Kingdom,B3 8GT,Private Limited Company,Dissolved,United Kingdom,,24/10/2006,70100 - Activities of head offices,,,,http://business.data.gov.uk/id/company/01000038
Camberwell Properties LLP,01000039,,,127 Church Lane,,Cardiff,,United Kingdom,EH1 7ZS,Private Limited Company,Active,United Kingdom,,15/09/2019,70100 - Activities of head offices,,,,http://business.data.gov.uk/id/company/01000039
Ashcroft Group LTD,01000040,,,15 High Street,,Edinburgh,,United Kingdom,L1 8SX,Private Limited Company,Active,United Kingdom,,13/05/1994,68209 - Other letting and operating of own or leased real estate,,,,http://business.data.gov.uk/id/company/01000040
Blackwater Resources 5 LTD,SC1000041,,,194 Manor Way,,Glasgow,,United Kingdom,SE1 3FX,Private Limited Company,Dissolved,United Kingdom,,13/03/1997,47190 - Other retail sale in non-specialised stores,,,,http://business.data.gov.uk/id/company/SC1000041
Gatehouse Capital LTD,01000042,,,141 Queens Road,,London,,United Kingdom,WC2H 8HP,Private Limited Company,Active,United Kingdom,,12/11/2003,70100 - Activities of head offices,,,,http://business.data.gov.uk/id/company/01000042
Ironbridge Capital LTD,SC1000043,,,149 Park View,,Cardiff,,United Kingdom,SW1A 3TG,Private Limited Company,Active,United Kingdom,,27/12/1998,47190 - Other retail sale in non-specialised stores,,,,http://business.data.gov.uk/id/company/SC1000043
Gatehouse Assets 38 PLC,01000044,,,112 Manor Way,,Glasgow,,United Kingdom,M1 1XF,Private Limited Company,Active,United Kingdom,,14/01/2002,82990 - Other business support service activities n.e.c.,,,,http://business.data.gov.uk/id/company/01000044
Longacre Partners LIMITED,01000045,,,71 Queens Road,,Glasgow,,United Kingdom,WC2H 1RT,Private Limited Company,Liquidation,United Kingdom,,17/09/2005,82990 - Other business support service activities n.e.c.,,,,http://business.data.gov.uk/id/company/01000045
Redwood Management LIMITED,01000046,,,116 High Street,,Manchester,,United Kingdom,N1 7YS,Private Limited Company,Active,United Kingdom,,22/10/2011,47190 - Other retail sale in non-specialised stores,,,,http://business.data.gov.uk/id/company/01000046
Kingsway Properties LTD,01000047,,,159 Church Lane,,London,,United Kingdom,WC2H 7HD,Private Limited Company,Active,United Kingdom,,10/01/2006,68209 - Other letting and operating of own or leased real estate,,,,http://business.data.gov.uk/id/company/01000047
Longacre Assets LTD,01000048,,,38 Station Road,,Manchester,,United Kingdom,G2 6RB,Private Limited Company,Active,United Kingdom,,28/09/2003,64209 - Activities of other holding companies n.e.c.,,,,http://business.data.gov.uk/id/company/01000048
Eastbrook Holdings LIMITED,01000049,,,243 Church Lane,,Leeds,,United Kingdom,LS1 2LA,Private Limited Company,Active,United Kingdom,,14/10/2008,64209 - Activities of other holding companies n.e.c.,,,,http://business.data.gov.uk/id/company/01000049
Crestwood Assets LIMITED,01000050,,,123 Victoria Road,,Birmingham,,United Kingdom,M1 2FP,Private Limited Company,Active,United Kingdom,,21/09/2017,47190 - Other retail sale in non-specialised stores,,,,http://business.data.gov.uk/id/company/01000050
Beaconsfield Enterprises LIMITED,01000051,,,4 Station Road,,Liverpool,,United Kingdom,EC1V 6UZ,Private Limited Company,Active,United Kingdom,,07/06/2013,47190 - Other retail sale in non-specialised stores,,,,http://business.data.gov.uk/id/company/01000051
Pinnacle Investments LLP,01000052,,,222 Mill Lane,,Sheffield,,United Kingdom,CF10 3FR,Private Limited Company,Active,United Kingdom,,25/12/2013,47190 - Other retail sale in non-specialised stores,,,,http://business.data.gov.uk/id/company/01000052
Ashcroft Trading LLP,01000053,,,204 Mill Lane,,Leeds,,United Kingdom,B3 2JA,Private Limited Company,Active,United Kingdom,,16/01/2001,64209 - Activities of other holding companies n.e.c.,,,,http://business.data.gov.uk/id/company/01000053
Kingsway Ventures LIMITED,SC1000054,,,22 Victoria Road,,Cardiff,,United Kingdom,SW1A 6BJ,Private Limited Company,Dissolved,United Kingdom,,22/07/2012,47190 - Other retail sale in non-specialised stores,,,,http://business.data.gov.uk/id/company/SC1000054
Fairhaven Enterprises LIMITED,01000055,,,47 High Street,,Edinburgh,,United Kingdom,M1 1ZR,Private Limited Company,Active,United Kingdom,,20/03/2018,64209 - Activities of other holding companies n.e.c.,,,,http://business.data.gov.uk/id/company/01000055
Camberwell Assets PLC,01000056,,,123 Queens Road,,Leeds,,United Kingdom,L1 3YX,Private Limited Company,Active,United Kingdom,,04/01/2003,64209 - Activities of other holding companies n.e.c.,,,,http://business.data.gov.uk/id/company/01000056
Ironbridge Resources PLC,01000057,,,235 Bridge Street,,Birmingham,,United Kingdom,M1 3WD,Private Limited Company,Active,United Kingdom,,15/10/2008,64209 - Activities of other holding companies n.e.c.,,,,http://business.data.gov.uk/id/company/01000057
Ravensworth Resources LIMITED,01000058,,,66 Manor Way,,Leeds,,United Kingdom,M1 7PT,Private Limited Company,Active,United Kingdom,,16/07/2014,68209 - Other letting and operating of own or leased real estate,,,,http://business.data.gov.uk/id/company/01000058
Ravensworth Assets LIMITED,01000059,,,185 High Street,,Glasgow,,United Kingdom,L1 7ZS,Private Limited Company,Active,United Kingdom,,02/05/1996,68209 - Other letting and operating of own or leased real estate,,,,http://business.data.gov.uk/id/company/01000059
Ludgate Management LIMITED,01000060,,,23 Park View,,Bristol,,United Kingdom,LS1 5QA,Private Limited Company,Active,United Kingdom,,27/08/2018,64209 - Activities of other holding companies n.e.c.,,,,http://business.data.gov.uk/id/company/01000060
Crestwood Properties LTD,SC1000061,,,193 Victoria Road,,Edinburgh,,United Kingdom,S1 7YJ,Private Limited Company,Active,United Kingdom,,04/07/2021,68209 - Other letting and operating of own or leased real estate,,,,http://business.data.gov.uk/id/company/SC1000061
Camberwell Resources LIMITED,01000062,,,156 Bridge Street,,London,,United Kingdom,EH1 7QS,Private Limited Company,Active,United Kingdom,,07/12/2001,70100 - Activities of head offices,,,,http://business.data.gov.uk/id/company/01000062
Harbourview Group 17 LTD,01000063,,,222 Mill Lane,,Leeds,,United Kingdom,S1 1BL,Private Limited Company,Active,United Kingdom,,10/10/2024,82990 - Other business support service activities n.e.c.,,,,http://business.data.gov.uk/id/company/01000063
Pinnacle Partners 28 LTD,01000064,,,30 Kings Avenue,,Bristol,,United Kingdom,EC1V 9NZ,Private Limited Company,Active,United Kingdom,,20/02/1993,70100 - Activities of head offices,,,,http://business.data.gov.uk/id/company/01000064
Silverline Management LIMITED,01000065,,,129 Park View,,Cardiff,,United Kingdom,G2 3LA,Private Limited Company,Dissolved,United Kingdom,,26/04/2002,70100 - Activities of head offices,,,,http://business.data.gov.uk/id/company/01000065
Longacre Ventures LIMITED,01000066,,,188 Kings Avenue,,Glasgow,,United Kingdom,BS1 5NP,Private Limited Company,Liquidation,United Kingdom,,04/06/2005,82990 - Other business support service activities n.e.c.,,,,http://business.data.gov.uk/id/company/01000066
Pinnacle Ventures PLC,01000067,,,107 Mill Lane,,Bristol,,United Kingdom,W1D 7RE,Private Limited Company,Active,United Kingdom,,15/10/2009,70100 - Activities of head offices,,,,http://business.data.gov.uk/id/company/01000067
Redwood Trading PLC,01000068,,,26 Mill Lane,,Manchester,,United Kingdom,EH1 5BW,Private Limited Company,Active,United Kingdom,,03/05/2010,82990 - Other business support service activities n.e.c.,,,,http://business.data.gov.uk/id/company/01000068
Aldgate Capital LTD,01000069,,,156 Station Road,,London,,United Kingdom,G2 2ZD,Private Limited Company,Active,United Kingdom,,23/06/2009,68209 - Other letting and operating of own or leased real estate,,,,http://business.data.gov.uk/id/company/01000069
Whitehall Assets LLP,SC1000070,,,236 Park View,,Liverpool,,United Kingdom,CF10 3SN,Private Limited Company,Dissolved,United Kingdom,,23/04/1992,68209 - Other letting and operating of own or leased real estate,,,,http://business.data.gov.uk/id/company/SC1000070
Aldgate Assets LIMITED,01000071,,,102 Church Lane,,Bristol,,United Kingdom,M1 9PZ,Private Limited Company,Active,United Kingdom,,05/02/2017,47190 - Other retail sale in non-specialised stores,,,,http://business.data.gov.uk/id/company/01000071
Fairhaven Resources LIMITED,SC1000072,,,58 High Street,,Liverpool,,United Kingdom,M1 2FX,Private Limited Company,Dissolved,United Kingdom,,05/08/2020,70100 - Activities of head offices,,,,http://business.data.gov.uk/id/company/SC1000072
Marlborough Capital LIMITED,01000073,,,151 Manor Way,,Leeds,,United Kingdom,SW1A 4SU,Private Limited Company,Active,United Kingdom,,28/02/1994,82990 - Other business support service activities n.e.c.,,,,http://business.data.gov.uk/id/company/01000073
Eastbrook Enterprises PLC,01000074,,,122 Station Road,,Manchester,,United Kingdom,SW1A 1TY,Private Limited Company,Active,United Kingdom,,14/06/2012,47190 - Other retail sale in non-specialised stores,,,,http://business.data.gov.uk/id/company/01000074
Crestwood Management PLC,01000075,,,248 Queens Road,,Birmingham,,United Kingdom,L1 7TP,Private Limited Company,Dissolved,United Kingdom,,15/10/2002,70100 - Activities of head offices,,,,http://business.data.gov.uk/id/company/01000075
Camberwell Capital LIMITED,01000076,,,73 Mill Lane,,London,,United Kingdom,SW1A 9YJ,Private Limited Company,Dissolved,United Kingdom,,15/11/2007,68209 - Other letting and operating of own or leased real estate,,,,http://business.data.gov.uk/id/company/01000076
Northgate Properties LIMITED,01000077,,,8 Kings Avenue,,Glasgow,,United Kingdom,EC1V 9NE,Private Limited Company,Active,United Kingdom,,28/05/1996,47190 - Other retail sale in non-specialised stores,,,,http://business.data.gov.uk/id/company/01000077
Redwood Partners PLC,01000078,,,76 Manor Way,,Liverpool,,United Kingdom,M1 9SE,Private Limited Company,Active,United Kingdom,,05/04/2012,82990 - Other business support service activities n.e.c.,,,,http://business.data.gov.uk/id/company/01000078
Gatehouse Group PLC,01000079,,,214 Bridge Street,,Leeds,,United Kingdom,LS1 6EL,Private Limited Company,Liquidation,United Kingdom,,16/03/1992,82990 - Other business support service activities n.e.c.,,,,http://business.data.gov.uk/id/company/01000079
Longacre Group LTD,01000080,,,170 Station Road,,Cardiff,,United Kingdom,N1 9NN,Private Limited Company,Active,United Kingdom,,27/12/2017,82990 - Other business support service activities n.e.c.,,,,http://business.data.gov.uk/id/company/01000080
Gatehouse Enterprises 26 LIMITED,01000081,,,11 Queens Road,,Leeds,,United Kingdom,SW1A 7JW,Private Limited Company,Active,United Kingdom,,13/02/2012,82990 - Other business support service activities n.e.c.,,,,http://business.data.gov.uk/id/company/01000081
Whitehall Trading LLP,SC1000082,,,35 Victoria Road,,Bristol,,United Kingdom,CF10 1SG,Private Limited Company,Active,United Kingdom,,16/08/2001,70100 - Activities of head offices,,,,http://business.data.gov.uk/id/company/SC1000082
Whitehall Management LIMITED,01000083,,,45 Church Lane,,Liverpool,,United Kingdom,SW1A 7ZN,Private Limited Company,Dissolved,United Kingdom,,05/04/2000,68209 - Other letting and operating of own or leased real estate,,,,http://business.data.gov.uk/id/company/01000083
Kingsway Capital LTD,01000084,,,23 High Street,,Sheffield,,United Kingdom,CF10 9LT,Private Limited Company,Liquidation,United Kingdom,,06/09/2003,64209 - Activities of other holding companies n.e.c.,,,,http://business.data.gov.uk/id/company/01000084
Ludgate Assets LTD,01000085,,,75 Church Lane,,Cardiff,,United Kingdom,SW1A 6AF,Private Limited Company,Dissolved,United Kingdom,,18/04/2022,47190 - Other retail sale in non-specialised stores,,,,http://business.data.gov.uk/id/company/01000085
Silverline Capital PLC,01000086,,,197 Kings Avenue,,London,,United Kingdom,EH1 4SZ,Private Limited Company,Active,United Kingdom,,16/03/2013,47190 - Other retail sale in non-specialised stores,,,,http://business.data.gov.uk/id/company/01000086
Gatehouse Assets PLC,01000087,,,25 High Street,,Glasgow,,United Kingdom,S1 3SD,Private Limited Company,Active,United Kingdom,,26/12/2003,64209 - Activities of other holding companies n.e.c.,,,,http://business.data.gov.uk/id/company/01000087
Ludgate Ventures LIMITED,01000088,,,83 Bridge Street,,Bristol,,United Kingdom,L1 3WZ,Private Limited Company,Active,United Kingdom,,09/04/1994,68209 - Other letting and operating of own or leased real estate,,,,http://business.data.gov.uk/id/company/01000088
Northgate Trading 24 LTD,01000089,,,83 Manor Way,,Leeds,,United Kingdom,G2 7BT,Private Limited Company,Active,United Kingdom,,02/05/1996,70100 - Activities of head offices,,,,http://business.data.gov.uk/id/company/01000089
Eastbrook Ventures PLC,01000090,,,153 Mill Lane,,Cardiff,,United Kingdom,EC1V 4JD,Private Limited Company,Active,United Kingdom,,28/11/2007,70100 - Activities of head offices,,,,http://business.data.gov.uk/id/company/01000090
Kingsway Partners LTD,01000091,,,213 Bridge Street,,Bristol,,United Kingdom,BS1 1NJ,Private Limited Company,Active,United Kingdom,,20/01/2011,47190 - Other retail sale in non-specialised stores,,,,http://business.data.gov.uk/id/company/01000091
Ravensworth Capital LLP,01000092,,,40 Park View,,London,,United Kingdom,SW1A 8YB,Private Limited Company,Active,United Kingdom,,02/01/1994,82990 - Other business support service activities n.e.c.,,,,http://business.data.gov.uk/id/company/01000092
Harbourview Partners PLC,01000093,,,246 High Street,,Birmingham,,United Kingdom,EC1V 7DS,Private Limited Company,Active,United Kingdom,,23/08/2009,47190 - Other retail sale in non-specialised stores,,,,http://business.data.gov.uk/id/company/01000093
Ludgate Management LLP,01000094,,,13 Bridge Street,,Bristol,,United Kingdom,WC2H 4ZX,Private Limited Company,Active,United Kingdom,,16/10/2013,64209 - Activities of other holding companies n.e.c.,,,,http://business.data.gov.uk/id/company/01000094
Gatehouse Capital 31 LTD,01000095,,,146 Queens Road,,Cardiff,,United Kingdom,W1D 9HE,Private Limited Company,Active,United Kingdom,,13/03/2021,82990 - Other business support service activities n.e.c.,,,,http://business.data.gov.uk/id/company/01000095
Thornbury Resources 26 LTD,SC1000096,,,163 High Street,,Bristol,,United Kingdom,B3 4HF,Private Limited Company,Active,United Kingdom,,11/02/2022,82990 - Other business support service activities n.e.c.,,,,http://business.data.gov.uk/id/company/SC1000096
Silverline Properties LIMITED,01000097,,,222 Mill Lane,,Glasgow,,United Kingdom,M1 9ZX,Private Limited Company,Active,United Kingdom,,13/06/2012,82990 - Other business support service activities n.e.c.,,,,http://business.data.gov.uk/id/company/01000097
Ludgate Investments PLC,01000098,,,59 Victoria Road,,Leeds,,United Kingdom,CF10 7AX,Private Limited Company,Active,United Kingdom,,11/10/2018,47190 - Other retail sale in non-specialised stores,,,,http://business.data.gov.uk/id/company/01000098
Gatehouse Management LIMITED,SC1000099,,,163 Bridge Street,,Glasgow,,United Kingdom,S1 8QA,Private Limited Company,Active,United Kingdom,,20/06/2006,70100 - Activities of head offices,,,,http://business.data.gov.uk/id/company/SC1000099
Ironbridge Assets LTD,01000100,,,159 Mill Lane,,Sheffield,,United Kingdom,BS1 3GF,Private Limited Company,Active,United Kingdom,,16/02/1994,47190 - Other retail sale in non-specialised stores,,,,http://business.data.gov.uk/id/company/01000100
Whitehall Ventures LLP,01000101,,,210 Manor Way,,London,,United Kingdom,SW1A 5PH,Private Limited Company,Active,United Kingdom,,28/05/2006,82990 - Other business support service activities n.e.c.,,,,http://business.data.gov.uk/id/company/01000101
Blackwater Trading LLP,01000102,,,188 Manor Way,,Birmingham,,United Kingdom,S1 8BH,Private Limited Company,Active,United Kingdom,,28/06/2009,64209 - Activities of other holding companies n.e.c.,,,,http://business.data.gov.uk/id/company/01000102
Beaconsfield Capital LLP,01000103,,,12 High Street,,Manchester,,United Kingdom,L1 6FP,Private Limited Company,Dissolved,United Kingdom,,23/05/2006,64209 - Activities of other holding companies n.e.c.,,,,http://business.data.gov.uk/id/company/01000103
Pinnacle Trading PLC,01000104,,,90 Victoria Road,,Leeds,,United Kingdom,G2 7GA,Private Limited Company,Dissolved,United Kingdom,,02/01/2011,64209 - Activities of other holding companies n.e.c.,,,,http://business.data.gov.uk/id/company/01000104
Ludgate Capital LIMITED,01000105,,,161 Park View,,Edinburgh,,United Kingdom,WC2H 6WL,Private Limited Company,Active,United Kingdom,,21/04/2021,82990 - Other business support service activities n.e.c.,,,,http://business.data.gov.uk/id/company/01000105
Meridian Management LTD,01000106,,,150 Park View,,Cardiff,,United Kingdom,SE1 6PF,Private Limited Company,Active,United Kingdom,,17/11/2022,70100 - Activities of head offices,,,,http://business.data.gov.uk/id/company/01000106
Camberwell Resources PLC,01000107,,,240 Manor Way,,London,,United Kingdom,W1D 5JX,Private Limited Company,Active,United Kingdom,,01/05/1994,64209 - Activities of other holding companies n.e.c.,,,,http://business.data.gov.uk/id/company/01000107
Whitehall Investments 22 LTD,SC1000108,,,58 Queens Road,,Birmingham,,United Kingdom,EC1V 8FJ,Private Limited Company,Active,United Kingdom,,25/01/1990,47190 - Other retail sale in non-specialised stores,,,,http://business.data.gov.uk/id/company/SC1000108
Redwood Investments PLC,01000109,,,146 Kings Avenue,,Sheffield,,United Kingdom,SW1A 1RU,Private Limited Company,Active,United Kingdom,,03/10/2018,70100 - Activities of head offices,,,,http://business.data.gov.uk/id/company/01000109
Gatehouse Properties 38 LIMITED,01000110,,,125 Manor Way,,London,,United Kingdom,SW1A 4EE,Private Limited Company,Active,United Kingdom,,14/08/1997,82990 - Other business support service activities n.e.c.,,,,http://business.data.gov.uk/id/company/01000110
Aldgate Capital 7 LIMITED,01000111,,,246 High Street,,Bristol,,United Kingdom,EH1 3QX,Private Limited Company,Active,United Kingdom,,17/07/2023,70100 - Activities of head offices,,,,http://business.data.gov.uk/id/company/01000111
Gatehouse Holdings LTD,01000112,,,104 Station Road,,Leeds,,United Kingdom,L1 2PR,Private Limited Company,Active,United Kingdom,,13/07/2002,47190 - Other retail sale in non-specialised stores,,,,http://business.data.gov.uk/id/company/01000112
Pinnacle Resources 19 LLP,01000113,,,80 Queens Road,,London,,United Kingdom,BS1 2ZJ,Private Limited Company,Active,United Kingdom,,26/05/1996,70100 - Activities of head offices,,,,http://business.data.gov.uk/id/company/01000113
Eastbrook Partners PLC,01000114,,,177 Kings Avenue,,Liverpool,,United Kingdom,N1 9BA,Private Limited Company,Active,United Kingdom,,03/02/1993,47190 - Other retail sale in non-specialised stores,,,,http://business.data.gov.uk/id/company/01000114
Silverline Capital 9 LTD,01000115,,,190 Park View,,Cardiff,,United Kingdom,W1D 8XB,Private Limited Company,Active,United Kingdom,,18/07/2000,68209 - Other letting and operating of own or leased real estate,,,,http://business.data.gov.uk/id/company/01000115
Blackwater Properties LIMITED,01000116,,,89 Bridge Street,,Glasgow,,United Kingdom,B3 2TQ,Private Limited Company,Active,United Kingdom,,19/06/2015,82990 - Other business support service activities n.e.c.,,,,http://business.data.gov.uk/id/company/01000116
Ashcroft Partners LTD,01000117,,,195 Station Road,,Liverpool,,United Kingdom,EH1 7FU,Private Limited Company,Active,United Kingdom,,09/03/2019,70100 - Activities of head offices,,,,http://business.data.gov.uk/id/company/01000117
Fairhaven Ventures PLC,01000118,,,170 Park View,,Manchester,,United Kingdom,LS1 9HG,Private Limited Company,Active,United Kingdom,,15/03/1999,70100 - Activities of head offices,,,,http://business.data.gov.uk/id/company/01000118
Eastbrook Management 22 LIMITED,01000119,,,82 Queens Road,,London,,United Kingdom,EC1V 1UD,Private Limited Company,Active,United Kingdom,,17/02/2009,82990 - Other business support service activities n.e.c.,,,,http://business.data.gov.uk/id/company/01000119
Thornbury Ventures PLC,01000120,,,4 Station Road,,Edinburgh,,United Kingdom,WC2H 6EL,Private Limited Company,Active,United Kingdom,,28/04/2020,64209 - Activities of other holding companies n.e.c.,,,,http://business.data.gov.uk/id/company/01000120
Ravensworth Holdings LLP,01000121,,,100 Victoria Road,,Cardiff,,United Kingdom,EC1V 5HG,Private Limited Company,Active,United Kingdom,,04/04/2017,70100 - Activities of head offices,,,,http://business.data.gov.uk/id/company/01000121
Kingsway Capital 9 LIMITED,01000122,,,228 Queens Road,,Cardiff,,United Kingdom,BS1 8XP,Private Limited Company,Active,United Kingdom,,18/10/2010,82990 - Other business support service activities n.e.c.,,,,http://business.data.gov.uk/id/company/01000122
Pinnacle Trading LIMITED,01000123,,,31 Station Road,,Leeds,,United Kingdom,SE1 4GT,Private Limited Company,Active,United Kingdom,,21/02/1997,70100 - Activities of head offices,,,,http://business.data.gov.uk/id/company/01000123
Longacre Capital 36 PLC,01000124,,,181 Bridge Street,,Leeds,,United Kingdom,G2 3JD,Private Limited Company,Active,United Kingdom,,08/08/1991,47190 - Other retail sale in non-specialised stores,,,,http://business.data.gov.uk/id/company/01000124
Aldgate Management LLP,01000125,,,11 Victoria Road,,Glasgow,,United Kingdom,SE1 4TN,Private Limited Company,Active,United Kingdom,,21/12/2000,68209 - Other letting and operating of own or leased real estate,,,,http://business.data.gov.uk/id/company/01000125
Silverline Trading LIMITED,SC1000126,,,196 Kings Avenue,,Edinburgh,,United Kingdom,W1D 1WA,Private Limited Company,Active,United Kingdom,,22/06/1990,68209 - Other letting and operating of own or leased real estate,,,,http://business.data.gov.uk/id/company/SC1000126
Marlborough Investments LIMITED,01000127,,,119 Bridge Street,,Sheffield,,United Kingdom,L1 4WE,Private Limited Company,Active,United Kingdom,,26/11/2017,47190 - Other retail sale in non-specialised stores,,,,http://business.data.gov.uk/id/company/01000127
Redwood Group LIMITED,01000128,,,123 Kings Avenue,,Edinburgh,,United Kingdom,EC1V 8DF,Private Limited Company,Active,United Kingdom,,12/09/2018,70100 - Activities of head offices,,,,http://business.data.gov.uk/id/company/01000128
Kingsway Assets LTD,01000129,,,176 Kings Avenue,,Sheffield,,United Kingdom,G2 3AY,Private Limited Company,Active,United Kingdom,,01/10/2012,47190 - Other retail sale in non-specialised stores,,,,http://business.data.gov.uk/id/company/01000129
Whitehall Partners PLC,01000130,,,167 Kings Avenue,,Sheffield,,United Kingdom,M1 6XJ,Private Limited Company,Active,United Kingdom,,14/01/1999,47190 - Other retail sale in non-specialised stores,,,,http://business.data.gov.uk/id/company/01000130
Blackwater Partners PLC,01000131,,,93 Park View,,Cardiff,,United Kingdom,B3 5EG,Private Limited Company,Active,United Kingdom,,02/07/2019,70100 - Activities of head offices,,,,http://business.data.gov.uk/id/company/01000131
Ashcroft Enterprises 2 LLP,01000132,,,2 Station Road,,Birmingham,,United Kingdom,S1 8JA,Private Limited Company,Active,United Kingdom,,14/05/1999,68209 - Other letting and operating of own or leased real estate,,,,http://business.data.gov.uk/id/company/01000132
Redwood Assets LIMITED,01000133,,,244 Bridge Street,,Sheffield,,United Kingdom,G2 8YW,Private Limited Company,Active,United Kingdom,,27/01/2001,70100 - Activities of head offices,,,,http://business.data.gov.uk/id/company/01000133
Ironbridge Properties 37 LIMITED,01000134,,,243 Bridge Street,,Leeds,,United Kingdom,WC2H 7EH,Private Limited Company,Active,United Kingdom,,02/12/1997,64209 - Activities of other holding companies n.e.c.,,,,http://business.data.gov.uk/id/company/01000134
Marlborough Holdings LIMITED,01000135,,,203 Park View,,Cardiff,,United Kingdom,BS1 8DT,Private Limited Company,Active,United Kingdom,,12/03/1998,68209 - Other letting and operating of own or leased real estate,,,,http://business.data.gov.uk/id/company/01000135
Crestwood Management LTD,01000136,,,223 Church Lane,,Cardiff,,United Kingdom,SE1 9NL,Private Limited Company,Active,United Kingdom,,09/06/2003,68209 - Other letting and operating of own or leased real estate,,,,http://business.data.gov.uk/id/company/01000136
Silverline Trading LIMITED,01000137,,,224 Kings Avenue,,Liverpool,,United Kingdom,EC1V 7NF,Private Limited Company,Active,United Kingdom,,14/07/2013,47190 - Other retail sale in non-specialised stores,,,,http://business.data.gov.uk/id/company/01000137
Harbourview Investments LLP,01000138,,,228 Park View,,Liverpool,,United Kingdom,B3 5UY,Private Limited Company,Active,United Kingdom,,03/01/2018,82990 - Other business support service activities n.e.c.,,,,http://business.data.gov.uk/id/company/01000138
Harbourview Capital 2 LIMITED,01000139,,,113 Victoria Road,,Liverpool,,United Kingdom,G2 4UZ,Private Limited Company,Active,United Kingdom,,13/11/2003,70100 - Activities of head offices,,,,http://business.data.gov.uk/id/company/01000139
Ravensworth Trading LTD,01000140,,,144 Manor Way,,Leeds,,United Kingdom,CF10 4ZT,Private Limited Company,Active,United Kingdom,,24/11/2014,70100 - Activities of head offices,,,,http://business.data.gov.uk/id/company/01000140
Eastbrook Ventures LTD,01000141,,,101 Park View,,Birmingham,,United Kingdom,N1 9QN,Private Limited Company,Active,United Kingdom,,23/06/2015,47190 - Other retail sale in non-specialised stores,,,,http://business.data.gov.uk/id/company/01000141
Ludgate Assets LTD,01000142,,,157 Kings Avenue,,Glasgow,,United Kingdom,SW1A 5BN,Private Limited Company,Active,United Kingdom,,20/11/1993,47190 - Other retail sale in non-specialised stores,,,,http://business.data.gov.uk/id/company/01000142
Meridian Investments LLP,01000143,,,28 Mill Lane,,Manchester,,United Kingdom,L1 2NP,Private Limited Company,Active,United Kingdom,,10/07/1995,82990 - Other business support service activities n.e.c.,,,,http://business.data.gov.uk/id/company/01000143
Harbourview Group PLC,01000144,,,238 Mill Lane,,London,,United Kingdom,S1 4RU,Private Limited Company,Active,United Kingdom,,01/01/2005,64209 - Activities of other holding companies n.e.c.,,,,http://business.data.gov.uk/id/company/01000144
Harbourview Group LIMITED,01000145,,,9 Victoria Road,,Sheffield,,United Kingdom,EC1V 6SJ,Private Limited Company,Active,United Kingdom,,26/12/1992,82990 - Other business support service activities n.e.c.,,,,http://business.data.gov.uk/id/company/01000145
Pinnacle Holdings LIMITED,01000146,,,19 High Street,,Sheffield,,United Kingdom,W1D 2JF,Private Limited Company,Active,United Kingdom,,16/02/2005,82990 - Other business support service activities n.e.c.,,,,http://business.data.gov.uk/id/company/01000146
Sterling Resources LTD,01000147,,,238 Station Road,,Birmingham,,United Kingdom,S1 6QF,Private Limited Company,Active,United Kingdom,,24/05/2016,64209 - Activities of other holding companies n.e.c.,,,,http://business.data.gov.uk/id/company/01000147
Aldgate Investments LTD,01000148,,,209 Queens Road,,Manchester,,United Kingdom,M1 8AH,Private Limited Company,Active,United Kingdom,,03/10/1991,82990 - Other business support service activities n.e.c.,,,,http://business.data.gov.uk/id/company/01000148
Eastbrook Group 16 PLC,SC1000149,,,17 Park View,,Edinburgh,,United Kingdom,W1D 2AA,Private Limited Company,Dissolved,United Kingdom,,12/04/2000,70100 - Activities of head offices,,,,http://business.data.gov.uk/id/company/SC1000149
Pinnacle Assets 22 PLC,01000150,,,14 Queens Road,,Leeds,,United Kingdom,EC1V 4QB,Private Limited Company,Active,United Kingdom,,14/10/2010,47190 - Other retail sale in non-specialised stores,,,,http://business.data.gov.uk/id/company/01000150
Pinnacle Ventures 36 PLC,01000151,,,165 High Street,,Bristol,,United Kingdom,CF10 9UN,Private Limited Company,Active,United Kingdom,,01/06/2001,70100 - Activities of head offices,,,,http://business.data.gov.uk/id/company/01000151
Eastbrook Assets 26 LIMITED,01000152,,,72 Mill Lane,,Manchester,,United Kingdom,B3 3LJ,Private Limited Company,Active,United Kingdom,,25/03/1994,82990 - Other business support service activities n.e.c.,,,,http://business.data.gov.uk/id/company/01000152
Longacre Ventures 12 PLC,01000153,,,13 Station Road,,Leeds,,United Kingdom,WC2H 3ZY,Private Limited Company,Dissolved,United Kingdom,,20/08/2008,70100 - Activities of head offices,,,,http://business.data.gov.uk/id/company/01000153
Sterling Resources 35 LTD,01000154,,,100 Park View,,Manchester,,United Kingdom,B3 5HB,Private Limited Company,Active,United Kingdom,,27/07/1996,68209 - Other letting and operating of own or leased real estate,,,,http://business.data.gov.uk/id/company/01000154
Pinnacle Management 27 PLC,01000155,,,108 Park View,,Birmingham,,United Kingdom,EC1V 6YY,Private Limited Company,Active,United Kingdom,,19/12/2013,82990 - Other business support service activities n.e.c.,,,,http://business.data.gov.uk/id/company/01000155
Longacre Holdings LTD,01000156,,,180 Park View,,Manchester,,United Kingdom,B3 3SD,Private Limited Company,Active,United Kingdom,,27/05/2019,82990 - Other business support service activities n.e.c.,,,,http://business.data.gov.uk/id/company/01000156
Kingsway Management LIMITED,01000157,,,207 Bridge Street,,Glasgow,,United Kingdom,EC1V 4FS,Private Limited Company,Active,United Kingdom,,15/04/2002,64209 - Activities of other holding companies n.e.c.,,,,http://business.data.gov.uk/id/company/01000157
Longacre Trading 10 LTD,01000158,,,100 High Street,,Edinburgh,,United Kingdom,EH1 3GE,Private Limited Company,Active,United Kingdom,,07/12/2014,82990 - Other business support service activities n.e.c.,,,,http://business.data.gov.uk/id/company/01000158
Eastbrook Properties LIMITED,01000159,,,52 Queens Road,,Birmingham,,United Kingdom,W1D 1XY,Private Limited Company,Active,United Kingdom,,25/01/1991,47190 - Other retail sale in non-specialised stores,,,,http://business.data.gov.uk/id/company/01000159
Northgate Holdings 32 LLP,SC1000160,,,100 Victoria Road,,Liverpool,,United Kingdom,CF10 1YG,Private Limited Company,Dissolved,United Kingdom,,16/04/2017,64209 - Activities of other holding companies n.e.c.,,,,http://business.data.gov.uk/id/company/SC1000160
Beaconsfield Trading LLP,01000161,,,12 Manor Way,,Leeds,,United Kingdom,SW1A 7ZY,Private Limited Company,Active,United Kingdom,,18/06/2002,64209 - Activities of other holding companies n.e.c.,,,,http://business.data.gov.uk/id/company/01000161
Ironbridge Management LTD,SC1000162,,,89 Park View,,Glasgow,,United Kingdom,L1 4TA,Private Limited Company,Active,United Kingdom,,24/06/2020,47190 - Other retail sale in non-specialised stores,,,,http://business.data.gov.uk/id/company/SC1000162
Longacre Management PLC,01000163,,,20 Mill Lane,,Cardiff,,United Kingdom,CF10 5UG,Private Limited Company,Active,United Kingdom,,20/10/2013,82990 - Other business support service activities n.e.c.,,,,http://business.data.gov.uk/id/company/01000163
Eastbrook Properties LLP,01000164,,,39 Mill Lane,,Glasgow,,United Kingdom,LS1 2NN,Private Limited Company,Active,United Kingdom,,21/08/2000,64209 - Activities of other holding companies n.e.c.,,,,http://business.data.gov.uk/id/company/01000164
Camberwell Resources LIMITED,01000165,,,4 Queens Road,,Liverpool,,United Kingdom,SW1A 3UT,Private Limited Company,Active,United Kingdom,,25/01/2011,47190 - Other retail sale in non-specialised stores,,,,http://business.data.gov.uk/id/company/01000165
Crestwood Partners LLP,01000166,,,198 Station Road,,London,,United Kingdom,LS1 1YH,Private Limited Company,Active,United Kingdom,,28/02/2021,82990 - Other business support service activities n.e.c.,,,,http://business.data.gov.uk/id/company/01000166
Marlborough Holdings 10 PLC,01000167,,,183 Park View,,Leeds,,United Kingdom,M1 6GR,Private Limited Company,Active,United Kingdom,,13/10/1994,64209 - Activities of other holding companies n.e.c.,,,,http://business.data.gov.uk/id/company/01000167
Northgate Enterprises LLP,SC1000168,,,46 Church Lane,,Glasgow,,United Kingdom,N1 6FW,Private Limited Company,Active,United Kingdom,,25/11/2019,70100 - Activities of head offices,,,,http://business.data.gov.uk/id/company/SC1000168
Camberwell Capital LLP,01000169,,,228 Kings Avenue,,Manchester,,United Kingdom,B3 3PZ,Private Limited Company,Active,United Kingdom,,28/09/1996,70100 - Activities of head offices,,,,http://business.data.gov.uk/id/company/01000169
Camberwell Ventures LIMITED,01000170,,,243 Queens Road,,Birmingham,,United Kingdom,N1 3JT,Private Limited Company,Active,United Kingdom,,18/11/1995,82990 - Other business support service activities n.e.c.,,,,http://business.data.gov.uk/id/company/01000170
Camberwell Resources PLC,01000171,,,178 Manor Way,,Sheffield,,United Kingdom,N1 7YF,Private Limited Company,Active,United Kingdom,,07/08/2002,64209 - Activities of other holding companies n.e.c.,,,,http://business.data.gov.uk/id/company/01000171
Camberwell Trading LLP,01000172,,,83 Park View,,Cardiff,,United Kingdom,L1 2NB,Private Limited Company,Active,United Kingdom,,06/01/2006,47190 - Other retail sale in non-specialised stores,,,,http://business.data.gov.uk/id/company/01000172
Longacre Enterprises LIMITED,01000173,,,224 Station Road,,Leeds,,United Kingdom,G2 7DL,Private Limited Company,Active,United Kingdom,,15/10/2006,68209 - Other letting and operating of own or leased real estate,,,,http://business.data.gov.uk/id/company/01000173
Fairhaven Capital PLC,01000174,,,43 Station Road,,London,,United Kingdom,LS1 1FJ,Private Limited Company,Dissolved,United Kingdom,,25/01/2016,82990 - Other business support service activities n.e.c.,,,,http://business.data.gov.uk/id/company/01000174
Meridian Enterprises LIMITED,01000175,,,193 High Street,,Liverpool,,United Kingdom,W1D 7XX,Private Limited Company,Active,United Kingdom,,02/09/1999,64209 - Activities of other holding companies n.e.c.,,,,http://business.data.gov.uk/id/company/01000175
Silverline Capital LIMITED,01000176,,,96 Park View,,Bristol,,United Kingdom,SE1 9GN,Private Limited Company,Active,United Kingdom,,09/10/1991,82990 - Other business support service activities n.e.c.,,,,http://business.data.gov.uk/id/company/01000176
Ashcroft Holdings LLP,01000177,,,74 Park View,,Birmingham,,United Kingdom,S1 3UN,Private Limited Company,Active,United Kingdom,,11/12/1994,47190 - Other retail sale in non-specialised stores,,,,http://business.data.gov.uk/id/company/01000177
Gatehouse Ventures 30 LLP,01000178,,,115 Queens Road,,Leeds,,United Kingdom,W1D 2EJ,Private Limited Company,Active,United Kingdom,,07/06/2016,70100 - Activities of head offices,,,,http://business.data.gov.uk/id/company/01000178
Ludgate Ventures 6 PLC,01000179,,,106 High Street,,Liverpool,,United Kingdom,EC1V 8LY,Private Limited Company,Active,United Kingdom,,25/02/1997,64209 - Activities of other holding companies n.e.c.,,,,http://business.data.gov.uk/id/company/01000179
Gatehouse Holdings LTD,01000180,,,62 Station Road,,Leeds,,United Kingdom,EH1 6AX,Private Limited Company,Active,United Kingdom,,19/12/2014,68209 - Other letting and operating of own or leased real estate,,,,http://business.data.gov.uk/id/company/01000180
Northgate Assets PLC,01000181,,,157 Queens Road,,Bristol,,United Kingdom,EC1V 2YE,Private Limited Company,Active,United Kingdom,,03/08/2011,47190 - Other retail sale in non-specialised stores,,,,http://business.data.gov.uk/id/company/01000181
Redwood Assets LLP,01000182,,,48 Station Road,,Leeds,,United Kingdom,M1 5QJ,Private Limited Company,Active,United Kingdom,,08/01/2017,68209 - Other letting and operating of own or leased real estate,,,,http://business.data.gov.uk/id/company/01000182
Longacre Management 22 LIMITED,01000183,,,125 Manor Way,,Manchester,,United Kingdom,N1 9UQ,Private Limited Company,Active,United Kingdom,,05/10/1997,47190 - Other retail sale in non-specialised stores,,,,http://business.data.gov.uk/id/company/01000183
Marlborough Properties PLC,SC1000184,,,117 Station Road,,Bristol,,United Kingdom,S1 6UA,Private Limited Company,Active,United Kingdom,,26/12/2018,47190 - Other retail sale in non-specialised stores,,,,http://business.data.gov.uk/id/company/SC1000184
Beaconsfield Properties LLP,01000185,,,8 Church Lane,,Leeds,,United Kingdom,M1 8NE,Private Limited Company,Dissolved,United Kingdom,,07/12/2000,47190 - Other retail sale in non-specialised stores,,,,http://business.data.gov.uk/id/company/01000185
Whitehall Holdings 38 PLC,01000186,,,106 Mill Lane,,Cardiff,,United Kingdom,SE1 7ZB,Private Limited Company,Active,United Kingdom,,24/12/2021,82990 - Other business support service activities n.e.c.,,,,http://business.data.gov.uk/id/company/01000186
Whitehall Holdings PLC,SC1000187,,,12 Church Lane,,London,,United Kingdom,CF10 2DP,Private Limited Company,Active,United Kingdom,,08/06/2009,68209 - Other letting and operating of own or leased real estate,,,,http://business.data.gov.uk/id/company/SC1000187
Camberwell Capital PLC,01000188,,,166 Church Lane,,Liverpool,,United Kingdom,EH1 2ZB,Private Limited Company,Active,United Kingdom,,18/11/2011,82990 - Other business support service activities n.e.c.,,,,http://business.data.gov.uk/id/company/01000188
Silverline Partners LTD,SC1000189,,,233 Mill Lane,,Birmingham,,United Kingdom,EH1 9DS,Private Limited Company,Active,United Kingdom,,22/02/2008,70100 - Activities of head offices,,,,http://business.data.gov.uk/id/company/SC1000189
Ashcroft Capital LTD,SC1000190,,,167 Kings Avenue,,Cardiff,,United Kingdom,BS1 2NX,Private Limited Company,Active,United Kingdom,,19/01/1995,47190 - Other retail sale in non-specialised stores,,,,http://business.data.gov.uk/id/company/SC1000190
Marlborough Trading PLC,01000191,,,50 Church Lane,,Cardiff,,United Kingdom,EH1 1LX,Private Limited Company,Active,United Kingdom,,19/10/2002,70100 - Activities of head offices,,,,http://business.data.gov.uk/id/company/01000191
Marlborough Investments LTD,01000192,,,71 Station Road,,Liverpool,,United Kingdom,N1 8TG,Private Limited Company,Active,United Kingdom,,21/10/1998,68209 - Other letting and operating of own or leased real estate,,,,http://business.data.gov.uk/id/company/01000192
Ludgate Capital PLC,01000193,,,156 Queens Road,,Bristol,,United Kingdom,LS1 1UU,Private Limited Company,Active,United Kingdom,,20/05/1996,70100 - Activities of head offices,,,,http://business.data.gov.uk/id/company/01000193
Sterling Enterprises LIMITED,01000194,,,144 Station Road,,Cardiff,,United Kingdom,L1 3JN,Private Limited Company,Active,United Kingdom,,03/04/1998,47190 - Other retail sale in non-specialised stores,,,,http://business.data.gov.uk/id/company/01000194
Thornbury Investments 18 PLC,01000195,,,87 Kings Avenue,,Edinburgh,,United Kingdom,B3 4LJ,Private Limited Company,Dissolved,United Kingdom,,27/08/2010,47190 - Other retail sale in non-specialised stores,,,,http://business.data.gov.uk/id/company/01000195
Marlborough Assets PLC,01000196,,,190 Kings Avenue,,Leeds,,United Kingdom,M1 2QA,Private Limited Company,Active,United Kingdom,,12/06/1995,70100 - Activities of head offices,,,,http://business.data.gov.uk/id/company/01000196
Ashcroft Partners LTD,01000197,,,237 Station Road,,Leeds,,United Kingdom,SE1 6UU,Private Limited Company,Active,United Kingdom,,14/06/2008,82990 - Other business support service activities n.e.c.,,,,http://business.data.gov.uk/id/company/01000197
Harbourview Investments LIMITED,01000198,,,218 Kings Avenue,,Leeds,,United Kingdom,LS1 8ZX,Private Limited Company,Active,United Kingdom,,25/10/2001,47190 - Other retail sale in non-specialised stores,,,,http://business.data.gov.uk/id/company/01000198
Redwood Partners LIMITED,01000199,,,112 Mill Lane,,London,,United Kingdom,M1 9DY,Private Limited Company,Active,United Kingdom,,15/04/2021,68209 - Other letting and operating of own or leased real estate,,,,http://business.data.gov.uk/id/company/01000199
Ironbridge Partners LLP,01000200,,,67 Queens Road,,Bristol,,United Kingdom,EC1V 9HU,Private Limited Company,Active,United Kingdom,,06/07/2004,64209 - Activities of other holding companies n.e.c.,,,,http://business.data.gov.uk/id/company/01000200
Eastbrook Properties LLP,01000201,,,38 High Street,,Liverpool,,United Kingdom,S1 9HX,Private Limited Company,Active,United Kingdom,,21/09/2000,82990 - Other business support service activities n.e.c.,,,,http://business.data.gov.uk/id/company/01000201
Eastbrook Ventures PLC,01000202,,,108 Manor Way,,Glasgow,,United Kingdom,M1 4EQ,Private Limited Company,Active,United Kingdom,,21/10/2023,82990 - Other business support service activities n.e.c.,,,,http://business.data.gov.uk/id/company/01000202
Longacre Partners 14 LIMITED,01000203,,,41 Mill Lane,,Liverpool,,United Kingdom,B3 9NU,Private Limited Company,Active,United Kingdom,,09/04/2017,70100 - Activities of head offices,,,,http://business.data.gov.uk/id/company/01000203
Blackwater Management LTD,01000204,,,180 Queens Road,,Glasgow,,United Kingdom,N1 8RE,Private Limited Company,Active,United Kingdom,,15/02/2001,47190 - Other retail sale in non-specialised stores,,,,http://business.data.gov.uk/id/company/01000204
Eastbrook Holdings LTD,01000205,,,76 Victoria Road,,Liverpool,,United Kingdom,SE1 9ND,Private Limited Company,Active,United Kingdom,,10/10/2015,68209 - Other letting and operating of own or leased real estate,,,,http://business.data.gov.uk/id/company/01000205
Whitehall Capital PLC,SC1000206,,,173 Church Lane,,Edinburgh,,United Kingdom,EH1 2FX,Private Limited Company,Active,United Kingdom,,22/09/2008,68209 - Other letting and operating of own or leased real estate,,,,http://business.data.gov.uk/id/company/SC1000206
Redwood Assets LTD,01000207,,,171 Manor Way,,Cardiff,,United Kingdom,L1 6RN,Private Limited Company,Active,United Kingdom,,27/10/1990,64209 - Activities of other holding companies n.e.c.,,,,http://business.data.gov.uk/id/company/01000207
Gatehouse Trading LIMITED,01000208,,,195 Kings Avenue,,Cardiff,,United Kingdom,B3 8BL,Private Limited Company,Active,United Kingdom,,13/07/2002,68209 - Other letting and operating of own or leased real estate,,,,http://business.data.gov.uk/id/company/01000208
Northgate Trading LTD,01000209,,,50 Queens Road,,Bristol,,United Kingdom,W1D 2LB,Private Limited Company,Active,United Kingdom,,28/06/1998,64209 - Activities of other holding companies n.e.c.,,,,http://business.data.gov.uk/id/company/01000209
Gatehouse Trading LLP,01000210,,,86 Mill Lane,,Cardiff,,United Kingdom,N1 9PZ,Private Limited Company,Active,United Kingdom,,09/02/2019,68209 - Other letting and operating of own or leased real estate,,,,http://business.data.gov.uk/id/company/01000210
Camberwell Resources PLC,01000211,,,195 Manor Way,,London,,United Kingdom,SW1A 3WS,Private Limited Company,Active,United Kingdom,,11/04/2003,70100 - Activities of head offices,,,,http://business.data.gov.uk/id/company/01000211
Northgate Resources PLC,01000212,,,183 Queens Road,,Birmingham,,United Kingdom,N1 5RQ,Private Limited Company,Active,United Kingdom,,15/03/2007,68209 - Other letting and operating of own or leased real estate,,,,http://business.data.gov.uk/id/company/01000212
Kingsway Trading 38 PLC,01000213,,,88 High Street,,Birmingham,,United Kingdom,N1 3ZL,Private Limited Company,Dissolved,United Kingdom,,27/03/1991,64209 - Activities of other holding companies n.e.c.,,,,http://business.data.gov.uk/id/company/01000213
Marlborough Trading LIMITED,01000214,,,168 Park View,,Birmingham,,United Kingdom,SE1 8XN,Private Limited Company,Active,United Kingdom,,14/01/1994,70100 - Activities of head offices,,,,http://business.data.gov.uk/id/company/01000214
Marlborough Resources PLC,01000215,,,193 Station Road,,Bristol,,United Kingdom,EH1 3GH,Private Limited Company,Dissolved,United Kingdom,,18/10/1995,82990 - Other business support service activities n.e.c.,,,,http://business.data.gov.uk/id/company/01000215
Gatehouse Trading LLP,01000216,,,207 Church Lane,,Cardiff,,United Kingdom,L1 3QR,Private Limited Company,Active,United Kingdom,,22/01/2004,47190 - Other retail sale in non-specialised stores,,,,http://business.data.gov.uk/id/company/01000216
Aldgate Capital LIMITED,01000217,,,214 Church Lane,,Leeds,,United Kingdom,WC2H 5UR,Private Limited Company,Active,United Kingdom,,02/02/2012,70100 - Activities of head offices,,,,http://business.data.gov.uk/id/company/01000217
Sterling Enterprises PLC,01000218,,,14 Station Road,,Cardiff,,United Kingdom,L1 6ZW,Private Limited Company,Active,United Kingdom,,04/06/2009,64209 - Activities of other holding companies n.e.c.,,,,http://business.data.gov.uk/id/company/01000218
Fairhaven Capital PLC,01000219,,,211 Manor Way,,Bristol,,United Kingdom,LS1 8PJ,Private Limited Company,Active,United Kingdom,,13/07/2001,47190 - Other retail sale in non-specialised stores,,,,http://business.data.gov.uk/id/company/01000219
Beaconsfield Investments LIMITED,01000220,,,128 Bridge Street,,Sheffield,,United Kingdom,N1 5UA,Private Limited Company,Active,United Kingdom,,16/01/2016,68209 - Other letting and operating of own or leased real estate,,,,http://business.data.gov.uk/id/company/01000220
Whitehall Partners 17 LLP,SC1000221,,,215 Mill Lane,,Sheffield,,United Kingdom,M1 8GY,Private Limited Company,Active,United Kingdom,,20/10/2003,70100 - Activities of head offices,,,,http://business.data.gov.uk/id/company/SC1000221
Beaconsfield Capital LLP,01000222,,,115 Mill Lane,,Sheffield,,United Kingdom,W1D 9LG,Private Limited Company,Liquidation,United Kingdom,,22/07/2008,64209 - Activities of other holding companies n.e.c.,,,,http://business.data.gov.uk/id/company/01000222
Ashcroft Group LLP,01000223,,,46 Station Road,,Birmingham,,United Kingdom,BS1 2QA,Private Limited Company,Active,United Kingdom,,17/12/2007,68209 - Other letting and operating of own or leased real estate,,,,http://business.data.gov.uk/id/company/01000223
Ludgate Trading LLP,01000224,,,83 Bridge Street,,Manchester,,United Kingdom,W1D 8AA,Private Limited Company,Active,United Kingdom,,26/02/2022,82990 - Other business support service activities n.e.c.,,,,http://business.data.gov.uk/id/company/01000224
Kingsway Management PLC,01000225,,,153 Manor Way,,Glasgow,,United Kingdom,BS1 7YF,Private Limited Company,Active,United Kingdom,,28/12/1991,64209 - Activities of other holding companies n.e.c.,,,,http://business.data.gov.uk/id/company/01000225
Beaconsfield Resources PLC,01000226,,,119 Church Lane,,Leeds,,United Kingdom,G2 9BX,Private Limited Company,Active,United Kingdom,,21/12/2017,47190 - Other retail sale in non-specialised stores,,,,http://business.data.gov.uk/id/company/01000226
Ashcroft Trading PLC,01000227,,,242 Station Road,,Edinburgh,,United Kingdom,M1 4SY,Private Limited Company,Active,United Kingdom,,15/05/2021,47190 - Other retail sale in non-specialised stores,,,,http://business.data.gov.uk/id/company/01000227
Aldgate Capital 20 LLP,01000228,,,51 Manor Way,,Manchester,,United Kingdom,L1 3PF,Private Limited Company,Active,United Kingdom,,17/09/1999,64209 - Activities of other holding companies n.e.c.,,,,http://business.data.gov.uk/id/company/01000228
Blackwater Investments PLC,01000229,,,215 Station Road,,Glasgow,,United Kingdom,G2 2UB,Private Limited Company,Active,United Kingdom,,25/09/2024,70100 - Activities of head offices,,,,http://business.data.gov.uk/id/company/01000229
Sterling Capital LLP,01000230,,,237 Victoria Road,,Sheffield,,United Kingdom,L1 5TF,Private Limited Company,Liquidation,United Kingdom,,15/06/2004,68209 - Other letting and operating of own or leased real estate,,,,http://business.data.gov.uk/id/company/01000230
Beaconsfield Enterprises LLP,01000231,,,75 High Street,,Bristol,,United Kingdom,M1 1ZR,Private Limited Company,Liquidation,United Kingdom,,21/05/2001,64209 - Activities of other holding companies n.e.c.,,,,http://business.data.gov.uk/id/company/01000231
Blackwater Partners 18 LTD,01000232,,,56 Kings Avenue,,Liverpool,,United Kingdom,N1 6TH,Private Limited Company,Active,United Kingdom,,19/12/1992,70100 - Activities of head offices,,,,http://business.data.gov.uk/id/company/01000232
Ravensworth Trading LTD,01000233,,,197 Manor Way,,Leeds,,United Kingdom,B3 6UP,Private Limited Company,Active,United Kingdom,,15/12/2019,47190 - Other retail sale in non-specialised stores,,,,http://business.data.gov.uk/id/company/01000233
Harbourview Investments PLC,01000234,,,180 Church Lane,,Liverpool,,United Kingdom,B3 3XZ,Private Limited Company,Active,United Kingdom,,03/08/2014,70100 - Activities of head offices,,,,http://business.data.gov.uk/id/company/01000234
Crestwood Group LIMITED,01000235,,,246 Station Road,,Glasgow,,United Kingdom,SE1 2DW,Private Limited Company,Active,United Kingdom,,15/03/2010,64209 - Activities of other holding companies n.e.c.,,,,http://business.data.gov.uk/id/company/01000235
Ironbridge Holdings LIMITED,01000236,,,44 Kings Avenue,,London,,United Kingdom,SE1 5RR,Private Limited Company,Active,United Kingdom,,01/05/1998,70100 - Activities of head offices,,,,http://business.data.gov.uk/id/company/01000236
Redwood Capital LLP,SC1000237,,,16 Manor Way,,Glasgow,,United Kingdom,EH1 2JT,Private Limited Company,Active,United Kingdom,,17/05/1999,47190 - Other retail sale in non-specialised stores,,,,http://business.data.gov.uk/id/company/SC1000237
Gatehouse Trading LLP,01000238,,,13 Queens Road,,Glasgow,,United Kingdom,B3 9EH,Private Limited Company,Active,United Kingdom,,09/07/2001,68209 - Other letting and operating of own or leased real estate,,,,http://business.data.gov.uk/id/company/01000238
Ashcroft Holdings LLP,SC1000239,,,63 Station Road,,Leeds,,United Kingdom,L1 2UZ,Private Limited Company,Active,United Kingdom,,27/06/2015,64209 - Activities of other holding companies n.e.c.,,,,http://business.data.gov.uk/id/company/SC1000239
Camberwell Enterprises LTD,01000240,,,107 Kings Avenue,,Leeds,,United Kingdom,L1 3PU,Private Limited Company,Active,United Kingdom,,11/09/2017,64209 - Activities of other holding companies n.e.c.,,,,http://business.data.gov.uk/id/company/01000240
Sterling Group 15 LTD,01000241,,,148 Manor Way,,Bristol,,United Kingdom,SE1 6EE,Private Limited Company,Active,United Kingdom,,01/06/1994,70100 - Activities of head offices,,,,http://business.data.gov.uk/id/company/01000241
Meridian Ventures 11 LLP,01000242,,,34 Park View,,Sheffield,,United Kingdom,LS1 2ZS,Private Limited Company,Active,United Kingdom,,17/01/2009,64209 - Activities of other holding companies n.e.c.,,,,http://business.data.gov.uk/id/company/01000242
Marlborough Enterprises 40 LTD,01000243,,,45 Kings Avenue,,Bristol,,United Kingdom,G2 4AZ,Private Limited Company,Active,United Kingdom,,14/12/2003,68209 - Other letting and operating of own or leased real estate,,,,http://business.data.gov.uk/id/company/01000243
Ironbridge Management LLP,01000244,,,162 High Street,,Bristol,,United Kingdom,N1 2GH,Private Limited Company,Active,United Kingdom,,06/01/2002,68209 - Other letting and operating of own or leased real estate,,,,http://business.data.gov.uk/id/company/01000244
Aldgate Ventures LIMITED,01000245,,,15 High Street,,Edinburgh,,United Kingdom,BS1 2HW,Private Limited Company,Active,United Kingdom,,13/09/1990,70100 - Activities of head offices,,,,http://business.data.gov.uk/id/company/01000245
Marlborough Enterprises LTD,SC1000246,,,242 Bridge Street,,Leeds,,United Kingdom,BS1 2AE,Private Limited Company,Active,United Kingdom,,28/01/1993,68209 - Other letting and operating of own or leased real estate,,,,http://business.data.gov.uk/id/company/SC1000246
Ironbridge Group LLP,01000247,,,168 Queens Road,,Liverpool,,United Kingdom,EH1 3UX,Private Limited Company,Active,United Kingdom,,23/08/2021,47190 - Other retail sale in non-specialised stores,,,,http://business.data.gov.uk/id/company/01000247
Ravensworth Trading PLC,SC1000248,,,103 Mill Lane,,Sheffield,,United Kingdom,CF10 1ZN,Private Limited Company,Active,United Kingdom,,07/08/1992,47190 - Other retail sale in non-specialised stores,,,,http://business.data.gov.uk/id/company/SC1000248
Ashcroft Capital PLC,01000249,,,140 Park View,,Birmingham,,United Kingdom,G2 9FP,Private Limited Company,Active,United Kingdom,,17/08/2012,82990 - Other business support service activities n.e.c.,,,,http://business.data.gov.uk/id/company/01000249
Fairhaven Group LTD,01000250,,,68 Victoria Road,,Manchester,,United Kingdom,LS1 6UG,Private Limited Company,Active,United Kingdom,,16/08/2016,47190 - Other retail sale in non-specialised stores,,,,http://business.data.gov.uk/id/company/01000250
Northgate Assets 39 LTD,01000251,,,67 Kings Avenue,,London,,United Kingdom,EH1 8PH,Private Limited Company,Active,United Kingdom,,21/02/1999,47190 - Other retail sale in non-specialised stores,,,,http://business.data.gov.uk/id/company/01000251
Gatehouse Enterprises LTD,01000252,,,49 Queens Road,,Leeds,,United Kingdom,BS1 9YY,Private Limited Company,Active,United Kingdom,,06/02/1992,47190 - Other retail sale in non-specialised stores,,,,http://business.data.gov.uk/id/company/01000252
Whitehall Ventures LIMITED,01000253,,,115 Manor Way,,Leeds,,United Kingdom,M1 5QJ,Private Limited Company,Active,United Kingdom,,20/12/2004,64209 - Activities of other holding companies n.e.c.,,,,http://business.data.gov.uk/id/company/01000253
Silverline Partners LTD,01000254,,,94 Victoria Road,,Edinburgh,,United Kingdom,N1 5QN,Private Limited Company,Active,United Kingdom,,03/09/2008,68209 - Other letting and operating of own or leased real estate,,,,http://business.data.gov.uk/id/company/01000254
Marlborough Assets 6 LTD,01000255,,,29 Station Road,,Glasgow,,United Kingdom,SE1 6DF,Private Limited Company,Active,United Kingdom,,12/07/2015,64209 - Activities of other holding companies n.e.c.,,,,http://business.data.gov.uk/id/company/01000255
Longacre Ventures LTD,01000256,,,18 Victoria Road,,Manchester,,United Kingdom,W1D 4PE,Private Limited Company,Active,United Kingdom,,03/01/2004,82990 - Other business support service activities n.e.c.,,,,http://business.data.gov.uk/id/company/01000256
Ludgate Holdings LTD,01000257,,,72 Bridge Street,,London,,United Kingdom,N1 1NS,Private Limited Company,Active,United Kingdom,,24/11/1990,70100 - Activities of head offices,,,,http://business.data.gov.uk/id/company/01000257
Ravensworth Management LIMITED,01000258,,,236 Manor Way,,London,,United Kingdom,SE1 5JU,Private Limited Company,Dissolved,United Kingdom,,25/02/1999,70100 - Activities of head offices,,,,http://business.data.gov.uk/id/company/01000258
Ludgate Properties LLP,01000259,,,1 High Street,,Bristol,,United Kingdom,M1 4HF,Private Limited Company,Active,United Kingdom,,21/05/1997,47190 - Other retail sale in non-specialised stores,,,,http://business.data.gov.uk/id/company/01000259
Kingsway Partners PLC,SC1000260,,,229 Bridge Street,,London,,United Kingdom,M1 4SD,Private Limited Company,Active,United Kingdom,,11/04/2018,68209 - Other letting and operating of own or leased real estate,,,,http://business.data.gov.uk/id/company/SC1000260
Ludgate Management PLC,01000261,,,179 Victoria Road,,Glasgow,,United Kingdom,WC2H 6GY,Private Limited Company,Active,United Kingdom,,22/05/1994,68209 - Other letting and operating of own or leased real estate,,,,http://business.data.gov.uk/id/company/01000261
Gatehouse Investments LLP,01000262,,,37 High Street,,Cardiff,,United Kingdom,G2 5GX,Private Limited Company,Active,United Kingdom,,21/10/1997,82990 - Other business support service activities n.e.c.,,,,http://business.data.gov.uk/id/company/01000262
Whitehall Management LIMITED,01000263,,,104 High Street,,Birmingham,,United Kingdom,WC2H 3AZ,Private Limited Company,Active,United Kingdom,,20/12/1993,64209 - Activities of other holding companies n.e.c.,,,,http://business.data.gov.uk/id/company/01000263
Marlborough Resources LIMITED,01000264,,,82 Queens Road,,Cardiff,,United Kingdom,CF10 7PS,Private Limited Company,Active,United Kingdom,,25/03/2000,70100 - Activities of head offices,,,,http://business.data.gov.uk/id/company/01000264
Northgate Investments PLC,01000265,,,132 Manor Way,,Bristol,,United Kingdom,EH1 9EU,Private Limited Company,Active,United Kingdom,,19/05/2013,47190 - Other retail sale in non-specialised stores,,,,http://business.data.gov.uk/id/company/01000265
Silverline Partners LLP,01000266,,,24 High Street,,Bristol,,United Kingdom,L1 3NQ,Private Limited Company,Active,United Kingdom,,14/08/1996,68209 - Other letting and operating of own or leased real estate,,,,http://business.data.gov.uk/id/company/01000266
Sterling Management PLC,01000267,,,77 Manor Way,,Birmingham,,United Kingdom,S1 9GX,Private Limited Company,Active,United Kingdom,,04/09/2010,70100 - Activities of head offices,,,,http://business.data.gov.uk/id/company/01000267
Eastbrook Capital 37 LTD,01000268,,,228 Mill Lane,,Manchester,,United Kingdom,G2 9XL,Private Limited Company,Active,United Kingdom,,08/09/1998,82990 - Other business support service activities n.e.c.,,,,http://business.data.gov.uk/id/company/01000268
Silverline Partners 15 LLP,01000269,,,185 Manor Way,,London,,United Kingdom,SE1 9QY,Private Limited Company,Active,United Kingdom,,15/04/2022,68209 - Other letting and operating of own or leased real estate,,,,http://business.data.gov.uk/id/company/01000269
Northgate Ventures 25 PLC,01000270,,,156 Park View,,Leeds,,United Kingdom,EC1V 4ET,Private Limited Company,Active,United Kingdom,,18/09/2005,64209 - Activities of other holding companies n.e.c.,,,,http://business.data.gov.uk/id/company/01000270
Ravensworth Holdings 14 PLC,01000271,,,16 Victoria Road,,Liverpool,,United Kingdom,N1 1LJ,Private Limited Company,Active,United Kingdom,,06/01/1997,47190 - Other retail sale in non-specialised stores,,,,http://business.data.gov.uk/id/company/01000271
Beaconsfield Enterprises LLP,01000272,,,192 Bridge Street,,London,,United Kingdom,EH1 8TH,Private Limited Company,Active,United Kingdom,,28/06/2022,70100 - Activities of head offices,,,,http://business.data.gov.uk/id/company/01000272
Ashcroft Management 39 LLP,01000273,,,201 Victoria Road,,Cardiff,,United Kingdom,S1 3NR,Private Limited Company,Active,United Kingdom,,06/06/2011,68209 - Other letting and operating of own or leased real estate,,,,http://business.data.gov.uk/id/company/01000273
Aldgate Enterprises LTD,01000274,,,176 Park View,,Edinburgh,,United Kingdom,S1 7HR,Private Limited Company,Active,United Kingdom,,11/08/2022,70100 - Activities of head offices,,,,http://business.data.gov.uk/id/company/01000274
Whitehall Ventures LIMITED,01000275,,,97 Park View,,Sheffield,,United Kingdom,WC2H 1BA,Private Limited Company,Active,United Kingdom,,23/04/2018,47190 - Other retail sale in non-specialised stores,,,,http://business.data.gov.uk/id/company/01000275
Ravensworth Investments 31 LTD,01000276,,,39 Station Road,,Birmingham,,United Kingdom,CF10 7XA,Private Limited Company,Active,United Kingdom,,09/07/2013,68209 - Other letting and operating of own or leased real estate,,,,http://business.data.gov.uk/id/company/01000276
Marlborough Capital PLC,01000277,,,141 Church Lane,,Leeds,,United Kingdom,CF10 4FH,Private Limited Company,Active,United Kingdom,,12/01/2021,47190 - Other retail sale in non-specialised stores,,,,http://business.data.gov.uk/id/company/01000277
Sterling Investments PLC,01000278,,,31 Park View,,Leeds,,United Kingdom,N1 6AZ,Private Limited Company,Active,United Kingdom,,06/08/1991,47190 - Other retail sale in non-specialised stores,,,,http://business.data.gov.uk/id/company/01000278
Harbourview Resources LLP,01000279,,,11 Kings Avenue,,Leeds,,United Kingdom,M1 2UN,Private Limited Company,Active,United Kingdom,,28/01/2005,68209 - Other letting and operating of own or leased real estate,,,,http://business.data.gov.uk/id/company/01000279
Fairhaven Trading 30 LTD,01000280,,,27 Manor Way,,Liverpool,,United Kingdom,BS1 6JN,Private Limited Company,Active,United Kingdom,,04/07/2018,82990 - Other business support service activities n.e.c.,,,,http://business.data.gov.uk/id/company/01000280
Fairhaven Properties LIMITED,SC1000281,,,173 Mill Lane,,Glasgow,,United Kingdom,G2 6EA,Private Limited Company,Dissolved,United Kingdom,,20/09/2009,64209 - Activities of other holding companies n.e.c.,,,,http://business.data.gov.uk/id/company/SC1000281
Sterling Resources LIMITED,01000282,,,102 Queens Road,,Manchester,,United Kingdom,SW1A 4RR,Private Limited Company,Active,United Kingdom,,10/10/1997,68209 - Other letting and operating of own or leased real estate,,,,http://business.data.gov.uk/id/company/01000282
Ironbridge Assets LIMITED,01000283,,,239 Church Lane,,Glasgow,,United Kingdom,CF10 7PW,Private Limited Company,Active,United Kingdom,,17/07/2019,47190 - Other retail sale in non-specialised stores,,,,http://business.data.gov.uk/id/company/01000283
Blackwater Resources LIMITED,01000284,,,90 Victoria Road,,Cardiff,,United Kingdom,CF10 9PY,Private Limited Company,Active,United Kingdom,,10/05/2013,70100 - Activities of head offices,,,,http://business.data.gov.uk/id/company/01000284
Ironbridge Properties PLC,01000285,,,246 Victoria Road,,Manchester,,United Kingdom,L1 8LQ,Private Limited Company,Active,United Kingdom,,17/03/2021,47190 - Other retail sale in non-specialised stores,,,,http://business.data.gov.uk/id/company/01000285
Thornbury Management PLC,01000286,,,111 Victoria Road,,Glasgow,,United Kingdom,EC1V 9AE,Private Limited Company,Active,United Kingdom,,17/01/1996,64209 - Activities of other holding companies n.e.c.,,,,http://business.data.gov.uk/id/company/01000286
Marlborough Investments 20 LTD,01000287,,,76 Park View,,Manchester,,United Kingdom,N1 5QA,Private Limited Company,Dissolved,United Kingdom,,24/03/1999,68209 - Other letting and operating of own or leased real estate,,,,http://business.data.gov.uk/id/company/01000287
Beaconsfield Investments 7 LLP,01000288,,,182 Queens Road,,Glasgow,,United Kingdom,W1D 2DH,Private Limited Company,Active,United Kingdom,,21/10/2004,82990 - Other business support service activities n.e.c.,,,,http://business.data.gov.uk/id/company/01000288
Gatehouse Partners LTD,01000289,,,14 Church Lane,,Sheffield,,United Kingdom,LS1 6BW,Private Limited Company,Active,United Kingdom,,25/07/1998,68209 - Other letting and operating of own or leased real estate,,,,http://business.data.gov.uk/id/company/01000289
Silverline Properties LIMITED,01000290,,,13 Queens Road,,London,,United Kingdom,SW1A 9PD,Private Limited Company,Active,United Kingdom,,16/07/1995,47190 - Other retail sale in non-specialised stores,,,,http://business.data.gov.uk/id/company/01000290
Marlborough Enterprises LIMITED,01000291,,,88 Church Lane,,Edinburgh,,United Kingdom,SE1 2FX,Private Limited Company,Active,United Kingdom,,07/10/2012,64209 - Activities of other holding companies n.e.c.,,,,http://business.data.gov.uk/id/company/01000291
Gatehouse Assets 37 LIMITED,SC1000292,,,91 Manor Way,,Bristol,,United Kingdom,CF10 1HL,Private Limited Company,Dissolved,United Kingdom,,12/09/2017,82990 - Other business support service activities n.e.c.,,,,http://business.data.gov.uk/id/company/SC1000292
Longacre Investments LTD,01000293,,,198 Manor Way,,Edinburgh,,United Kingdom,B3 8SH,Private Limited Company,Active,United Kingdom,,22/10/2023,47190 - Other retail sale in non-specialised stores,,,,http://business.data.gov.uk/id/company/01000293
Northgate Ventures LTD,01000294,,,59 Victoria Road,,Birmingham,,United Kingdom,SW1A 9TB,Private Limited Company,Active,United Kingdom,,27/02/2019,82990 - Other business support service activities n.e.c.,,,,http://business.data.gov.uk/id/company/01000294
Northgate Investments LIMITED,01000295,,,230 Park View,,Leeds,,United Kingdom,L1 3AZ,Private Limited Company,Dissolved,United Kingdom,,04/01/1990,64209 - Activities of other holding companies n.e.c.,,,,http://business.data.gov.uk/id/company/01000295
Kingsway Properties LLP,01000296,,,160 Kings Avenue,,Glasgow,,United Kingdom,W1D 4WA,Private Limited Company,Active,United Kingdom,,06/02/2024,82990 - Other business support service activities n.e.c.,,,,http://business.data.gov.uk/id/company/01000296
Gatehouse Resources LLP,01000297,,,227 Victoria Road,,Liverpool,,United Kingdom,CF10 7NY,Private Limited Company,Active,United Kingdom,,04/07/1996,82990 - Other business support service activities n.e.c.,,,,http://business.data.gov.uk/id/company/01000297
Ravensworth Assets PLC,01000298,,,215 Victoria Road,,London,,United Kingdom,G2 1BU,Private Limited Company,Dissolved,United Kingdom,,17/12/1992,68209 - Other letting and operating of own or leased real estate,,,,http://business.data.gov.uk/id/company/01000298
Whitehall Management PLC,01000299,,,107 Mill Lane,,London,,United Kingdom,G2 7RP,Private Limited Company,Dissolved,United Kingdom,,05/07/2023,70100 - Activities of head offices,,,,http://business.data.gov.uk/id/company/01000299
Whitehall Investments LTD,01000300,,,208 Kings Avenue,,Bristol,,United Kingdom,EH1 3YE,Private Limited Company,Active,United Kingdom,,25/11/2002,64209 - Activities of other holding companies n.e.c.,,,,http://business.data.gov.uk/id/company/01000300
Gatehouse Capital PLC,01000301,,,220 Mill Lane,,Liverpool,,United Kingdom,EH1 7RF,Private Limited Company,Active,United Kingdom,,24/12/1990,70100 - Activities of head offices,,,,http://business.data.gov.uk/id/company/01000301
Ravensworth Holdings PLC,01000302,,,140 Victoria Road,,Cardiff,,United Kingdom,N1 9UJ,Private Limited Company,Dissolved,United Kingdom,,21/02/2007,64209 - Activities of other holding companies n.e.c.,,,,http://business.data.gov.uk/id/company/01000302
Gatehouse Investments 23 LIMITED,SC1000303,,,165 Manor Way,,London,,United Kingdom,W1D 8TS,Private Limited Company,Active,United Kingdom,,16/09/2019,82990 - Other business support service activities n.e.c.,,,,http://business.data.gov.uk/id/company/SC1000303
Harbourview Management LLP,SC1000304,,,154 Station Road,,London,,United Kingdom,SW1A 5RP,Private Limited Company,Liquidation,United Kingdom,,10/12/2005,82990 - Other business support service activities n.e.c.,,,,http://business.data.gov.uk/id/company/SC1000304
Northgate Partners PLC,01000305,,,101 Church Lane,,Manchester,,United Kingdom,SE1 7SB,Private Limited Company,Active,United Kingdom,,12/08/2010,70100 - Activities of head offices,,,,http://business.data.gov.uk/id/company/01000305
Eastbrook Investments PLC,01000306,,,188 Park View,,Glasgow,,United Kingdom,S1 5NY,Private Limited Company,Active,United Kingdom,,20/03/1993,82990 - Other business support service activities n.e.c.,,,,http://business.data.gov.uk/id/company/01000306
Silverline Ventures LLP,01000307,,,10 Mill Lane,,Manchester,,United Kingdom,EC1V 7GB,Private Limited Company,Liquidation,United Kingdom,,16/03/2007,64209 - Activities of other holding companies n.e.c.,,,,http://business.data.gov.uk/id/company/01000307
Aldgate Ventures LTD,01000308,,,207 Queens Road,,Bristol,,United Kingdom,L1 9UN,Private Limited Company,Active,United Kingdom,,11/08/2009,70100 - Activities of head offices,,,,http://business.data.gov.uk/id/company/01000308
Sterling Holdings LTD,01000309,,,199 Church Lane,,Cardiff,,United Kingdom,SW1A 4ZL,Private Limited Company,Active,United Kingdom,,23/03/2008,68209 - Other letting and operating of own or leased real estate,,,,http://business.data.gov.uk/id/company/01000309
Eastbrook Management 21 PLC,01000310,,,156 Victoria Road,,Sheffield,,United Kingdom,EC1V 1LY,Private Limited Company,Active,United Kingdom,,03/01/2014,64209 - Activities of other holding companies n.e.c.,,,,http://business.data.gov.uk/id/company/01000310
Gatehouse Partners LLP,01000311,,,102 Queens Road,,Bristol,,United Kingdom,CF10 9EY,Private Limited Company,Active,United Kingdom,,17/08/2018,68209 - Other letting and operating of own or leased real estate,,,,http://business.data.gov.uk/id/company/01000311
Crestwood Ventures PLC,01000312,,,178 Kings Avenue,,Manchester,,United Kingdom,S1 8WW,Private Limited Company,Dissolved,United Kingdom,,28/12/1998,64209 - Activities of other holding companies n.e.c.,,,,http://business.data.gov.uk/id/company/01000312
Longacre Properties PLC,01000313,,,189 Park View,,Manchester,,United Kingdom,WC2H 7WN,Private Limited Company,Active,United Kingdom,,09/04/2017,64209 - Activities of other holding companies n.e.c.,,,,http://business.data.gov.uk/id/company/01000313
Crestwood Ventures LTD,01000314,,,192 Bridge Street,,Glasgow,,United Kingdom,B3 5HA,Private Limited Company,Active,United Kingdom,,27/03/2019,82990 - Other business support service activities n.e.c.,,,,http://business.data.gov.uk/id/company/01000314
Whitehall Trading PLC,SC1000315,,,155 Bridge Street,,Bristol,,United Kingdom,N1 3JW,Private Limited Company,Active,United Kingdom,,11/06/2001,68209 - Other letting and operating of own or leased real estate,,,,http://business.data.gov.uk/id/company/SC1000315
Camberwell Group PLC,01000316,,,50 High Street,,Sheffield,,United Kingdom,SE1 6JB,Private Limited Company,Active,United Kingdom,,25/12/2010,68209 - Other letting and operating of own or leased real estate,,,,http://business.data.gov.uk/id/company/01000316
Fairhaven Group 35 LIMITED,01000317,,,225 Manor Way,,Glasgow,,United Kingdom,G2 5XB,Private Limited Company,Active,United Kingdom,,18/01/2022,70100 - Activities of head offices,,,,http://business.data.gov.uk/id/company/01000317
Aldgate Holdings LLP,01000318,,,10 Mill Lane,,Glasgow,,United Kingdom,EC1V 7LU,Private Limited Company,Liquidation,United Kingdom,,26/12/2018,64209 - Activities of other holding companies n.e.c.,,,,http://business.data.gov.uk/id/company/01000318
Redwood Assets LLP,01000319,,,187 Victoria Road,,Edinburgh,,United Kingdom,S1 5AE,Private Limited Company,Active,United Kingdom,,14/06/2011,70100 - Activities of head offices,,,,http://business.data.gov.uk/id/company/01000319
Fairhaven Ventures LLP,SC1000320,,,182 Station Road,,Edinburgh,,United Kingdom,WC2H 5HR,Private Limited Company,Dissolved,United Kingdom,,15/08/2004,70100 - Activities of head offices,,,,http://business.data.gov.uk/id/company/SC1000320
Marlborough Group 4 LLP,01000321,,,210 Queens Road,,Edinburgh,,United Kingdom,S1 2JP,Private Limited Company,Active,United Kingdom,,17/02/1990,82990 - Other business support service activities n.e.c.,,,,http://business.data.gov.uk/id/company/01000321
Ravensworth Capital PLC,01000322,,,119 Bridge Street,,Birmingham,,United Kingdom,WC2H 1QX,Private Limited Company,Active,United Kingdom,,25/04/2019,68209 - Other letting and operating of own or leased real estate,,,,http://business.data.gov.uk/id/company/01000322
Thornbury Holdings 17 PLC,01000323,,,213 Park View,,Manchester,,United Kingdom,SE1 8NW,Private Limited Company,Active,United Kingdom,,06/10/2014,82990 - Other business support service activities n.e.c.,,,,http://business.data.gov.uk/id/company/01000323
Ludgate Enterprises LLP,01000324,,,17 Queens Road,,Glasgow,,United Kingdom,EH1 6QP,Private Limited Company,Active,United Kingdom,,21/08/2013,68209 - Other letting and operating of own or leased real estate,,,,http://business.data.gov.uk/id/company/01000324
Ludgate Partners PLC,01000325,,,57 Park View,,Leeds,,United Kingdom,W1D 2DL,Private Limited Company,Active,United Kingdom,,04/08/1995,47190 - Other retail sale in non-specialised stores,,,,http://business.data.gov.uk/id/company/01000325
Camberwell Ventures LLP,01000326,,,135 Queens Road,,Liverpool,,United Kingdom,N1 1NW,Private Limited Company,Active,United Kingdom,,20/01/2015,68209 - Other letting and operating of own or leased real estate,,,,http://business.data.gov.uk/id/company/01000326
Beaconsfield Investments LTD,01000327,,,124 Park View,,Leeds,,United Kingdom,BS1 4QZ,Private Limited Company,Active,United Kingdom,,28/07/2012,82990 - Other business support service activities n.e.c.,,,,http://business.data.gov.uk/id/company/01000327
Pinnacle Management LLP,01000328,,,159 Manor Way,,London,,United Kingdom,BS1 7UX,Private Limited Company,Active,United Kingdom,,23/06/2010,70100 - Activities of head offices,,,,http://business.data.gov.uk/id/company/01000328
Ironbridge Holdings PLC,01000329,,,130 Queens Road,,Bristol,,United Kingdom,B3 5BD,Private Limited Company,Dissolved,United Kingdom,,04/02/2010,64209 - Activities of other holding companies n.e.c.,,,,http://business.data.gov.uk/id/company/01000329
Harbourview Enterprises PLC,01000330,,,64 Kings Avenue,,Leeds,,United Kingdom,SW1A 4PX,Private Limited Company,Active,United Kingdom,,23/11/2017,64209 - Activities of other holding companies n.e.c.,,,,http://business.data.gov.uk/id/company/01000330
Ludgate Partners LLP,01000331,,,180 Queens Road,,Liverpool,,United Kingdom,G2 3LT,Private Limited Company,Dissolved,United Kingdom,,07/01/2004,70100 - Activities of head offices,,,,http://business.data.gov.uk/id/company/01000331
Northgate Group LLP,01000332,,,68 Manor Way,,Cardiff,,United Kingdom,W1D 2XR,Private Limited Company,Active,United Kingdom,,08/05/2004,47190 - Other retail sale in non-specialised stores,,,,http://business.data.gov.uk/id/company/01000332
Beaconsfield Holdings LTD,01000333,,,248 Station Road,,Cardiff,,United Kingdom,EH1 2XJ,Private Limited Company,Active,United Kingdom,,06/05/2011,70100 - Activities of head offices,,,,http://business.data.gov.uk/id/company/01000333
Pinnacle Assets LIMITED,01000334,,,176 Park View,,London,,United Kingdom,M1 4YY,Private Limited Company,Active,United Kingdom,,12/11/1997,64209 - Activities of other holding companies n.e.c.,,,,http://business.data.gov.uk/id/company/01000334
Camberwell Holdings LLP,01000335,,,144 Station Road,,Bristol,,United Kingdom,B3 6ZT,Private Limited Company,Dissolved,United Kingdom,,13/10/2021,47190 - Other retail sale in non-specialised stores,,,,http://business.data.gov.uk/id/company/01000335
Camberwell Investments LTD,01000336,,,151 Bridge Street,,Bristol,,United Kingdom,W1D 2EL,Private Limited Company,Active,United Kingdom,,14/01/2022,47190 - Other retail sale in non-specialised stores,,,,http://business.data.gov.uk/id/company/01000336
Crestwood Enterprises LIMITED,01000337,,,153 Park View,,Leeds,,United Kingdom,LS1 6ED,Private Limited Company,Liquidation,United Kingdom,,13/07/2009,47190 - Other retail sale in non-specialised stores,,,,http://business.data.gov.uk/id/company/01000337
Gatehouse Resources LLP,SC1000338,,,220 Church Lane,,Birmingham,,United Kingdom,LS1 8EP,Private Limited Company,Active,United Kingdom,,08/01/1997,70100 - Activities of head offices,,,,http://business.data.gov.uk/id/company/SC1000338
Northgate Holdings LLP,01000339,,,70 Park View,,Leeds,,United Kingdom,G2 9ZY,Private Limited Company,Active,United Kingdom,,02/06/2015,70100 - Activities of head offices,,,,http://business.data.gov.uk/id/company/01000339
Thornbury Group LTD,01000340,,,188 Station Road,,Glasgow,,United Kingdom,L1 5XU,Private Limited Company,Active,United Kingdom,,02/07/2008,68209 - Other letting and operating of own or leased real estate,,,,http://business.data.gov.uk/id/company/01000340
Silverline Capital LIMITED,01000341,,,59 Bridge Street,,Glasgow,,United Kingdom,L1 2QR,Private Limited Company,Active,United Kingdom,,25/12/2016,64209 - Activities of other holding companies n.e.c.,,,,http://business.data.gov.uk/id/company/01000341
Marlborough Properties LLP,01000342,,,72 Mill Lane,,Glasgow,,United Kingdom,N1 1JT,Private Limited Company,Active,United Kingdom,,10/07/2020,64209 - Activities of other holding companies n.e.c.,,,,http://business.data.gov.uk/id/company/01000342
Kingsway Trading PLC,01000343,,,85 Church Lane,,Leeds,,United Kingdom,B3 5AS,Private Limited Company,Active,United Kingdom,,24/04/1994,70100 - Activities of head offices,,,,http://business.data.gov.uk/id/company/01000343
Marlborough Management LLP,01000344,,,199 Kings Avenue,,Glasgow,,United Kingdom,M1 6XY,Private Limited Company,Active,United Kingdom,,01/02/2002,64209 - Activities of other holding companies n.e.c.,,,,http://business.data.gov.uk/id/company/01000344
Aldgate Enterprises LTD,01000345,,,159 Bridge Street,,Liverpool,,United Kingdom,N1 6SE,Private Limited Company,Active,United Kingdom,,27/11/2023,64209 - Activities of other holding companies n.e.c.,,,,http://business.data.gov.uk/id/company/01000345
Redwood Enterprises PLC,01000346,,,174 Mill Lane,,Bristol,,United Kingdom,S1 6WR,Private Limited Company,Active,United Kingdom,,16/02/2002,82990 - Other business support service activities n.e.c.,,,,http://business.data.gov.uk/id/company/01000346
Whitehall Ventures LLP,01000347,,,148 Queens Road,,Cardiff,,United Kingdom,EC1V 2RL,Private Limited Company,Dissolved,United Kingdom,,07/11/1990,82990 - Other business support service activities n.e.c.,,,,http://business.data.gov.uk/id/company/01000347
Harbourview Resources LIMITED,01000348,,,96 Bridge Street,,Sheffield,,United Kingdom,SE1 9WU,Private Limited Company,Active,United Kingdom,,06/09/2014,82990 - Other business support service activities n.e.c.,,,,http://business.data.gov.uk/id/company/01000348
Northgate Partners LLP,01000349,,,68 Bridge Street,,London,,United Kingdom,EC1V 6BR,Private Limited Company,Active,United Kingdom,,20/07/1992,47190 - Other retail sale in non-specialised stores,,,,http://business.data.gov.uk/id/company/01000349
Longacre Trading LLP,01000350,,,3 Station Road,,Edinburgh,,United Kingdom,CF10 5QF,Private Limited Company,Active,United Kingdom,,15/04/2021,82990 - Other business support service activities n.e.c.,,,,http://business.data.gov.uk/id/company/01000350
Ashcroft Group PLC,01000351,,,8 Park View,,Liverpool,,United Kingdom,B3 6QP,Private Limited Company,Active,United Kingdom,,14/03/2006,64209 - Activities of other holding companies n.e.c.,,,,http://business.data.gov.uk/id/company/01000351
Eastbrook Group LIMITED,01000352,,,34 Mill Lane,,Edinburgh,,United Kingdom,SE1 3LS,Private Limited Company,Active,United Kingdom,,10/07/2021,70100 - Activities of head offices,,,,http://business.data.gov.uk/id/company/01000352
Silverline Capital PLC,01000353,,,24 Manor Way,,Glasgow,,United Kingdom,G2 1XD,Private Limited Company,Active,United Kingdom,,06/10/2004,70100 - Activities of head offices,,,,http://business.data.gov.uk/id/company/01000353
Redwood Management PLC,01000354,,,218 Station Road,,Manchester,,United Kingdom,M1 9XH,Private Limited Company,Active,United Kingdom,,28/10/2021,82990 - Other business support service activities n.e.c.,,,,http://business.data.gov.uk/id/company/01000354
Marlborough Holdings LTD,SC1000355,,,235 Bridge Street,,London,,United Kingdom,SW1A 9RJ,Private Limited Company,Active,United Kingdom,,10/03/2004,68209 - Other letting and operating of own or leased real estate,,,,http://business.data.gov.uk/id/company/SC1000355
Ravensworth Capital LIMITED,SC1000356,,,203 Queens Road,,Sheffield,,United Kingdom,W1D 5DD,Private Limited Company,Active,United Kingdom,,03/06/2021,70100 - Activities of head offices,,,,http://business.data.gov.uk/id/company/SC1000356
Ravensworth Enterprises LTD,01000357,,,153 Mill Lane,,Manchester,,United Kingdom,EH1 6NA,Private Limited Company,Dissolved,United Kingdom,,19/07/2018,82990 - Other business support service activities n.e.c.,,,,http://business.data.gov.uk/id/company/01000357
Gatehouse Enterprises LLP,01000358,,,31 High Street,,Manchester,,United Kingdom,EC1V 2GX,Private Limited Company,Active,United Kingdom,,04/01/2024,82990 - Other business support service activities n.e.c.,,,,http://business.data.gov.uk/id/company/01000358
Meridian Partners LLP,01000359,,,122 Manor Way,,Birmingham,,United Kingdom,B3 9XH,Private Limited Company,Active,United Kingdom,,02/01/1992,82990 - Other business support service activities n.e.c.,,,,http://business.data.gov.uk/id/company/01000359
Sterling Investments LTD,01000360,,,110 Park View,,Cardiff,,United Kingdom,L1 1SJ,Private Limited Company,Active,United Kingdom,,07/10/2019,47190 - Other retail sale in non-specialised stores,,,,http://business.data.gov.uk/id/company/01000360
Harbourview Assets LTD,01000361,,,90 Mill Lane,,Bristol,,United Kingdom,BS1 6JH,Private Limited Company,Dissolved,United Kingdom,,24/07/2006,82990 - Other business support service activities n.e.c.,,,,http://business.data.gov.uk/id/company/01000361
Harbourview Management LTD,01000362,,,199 Kings Avenue,,Sheffield,,United Kingdom,B3 9DY,Private Limited Company,Active,United Kingdom,,10/12/2002,68209 - Other letting and operating of own or leased real estate,,,,http://business.data.gov.uk/id/company/01000362
Ravensworth Management LIMITED,01000363,,,218 Park View,,Glasgow,,United Kingdom,B3 5AL,Private Limited Company,Active,United Kingdom,,09/09/2005,47190 - Other retail sale in non-specialised stores,,,,http://business.data.gov.uk/id/company/01000363
Blackwater Enterprises LLP,01000364,,,222 Park View,,Leeds,,United Kingdom,EH1 4XU,Private Limited Company,Active,United Kingdom,,18/11/2009,47190 - Other retail sale in non-specialised stores,,,,http://business.data.gov.uk/id/company/01000364
Longacre Investments LIMITED,01000365,,,3 Victoria Road,,Sheffield,,United Kingdom,EH1 7SG,Private Limited Company,Active,United Kingdom,,17/04/2014,47190 - Other retail sale in non-specialised stores,,,,http://business.data.gov.uk/id/company/01000365
Gatehouse Investments LLP,01000366,,,66 Victoria Road,,Sheffield,,United Kingdom,N1 1GB,Private Limited Company,Active,United Kingdom,,14/04/1990,64209 - Activities of other holding companies n.e.c.,,,,http://business.data.gov.uk/id/company/01000366
Harbourview Ventures LIMITED,01000367,,,33 Bridge Street,,Sheffield,,United Kingdom,G2 9HH,Private Limited Company,Dissolved,United Kingdom,,14/06/1999,68209 - Other letting and operating of own or leased real estate,,,,http://business.data.gov.uk/id/company/01000367
Camberwell Assets PLC,01000368,,,69 Church Lane,,Leeds,,United Kingdom,S1 5PR,Private Limited Company,Active,United Kingdom,,13/09/2023,64209 - Activities of other holding companies n.e.c.,,,,http://business.data.gov.uk/id/company/01000368
Meridian Ventures PLC,01000369,,,241 High Street,,Glasgow,,United Kingdom,EH1 5SQ,Private Limited Company,Active,United Kingdom,,22/01/2015,68209 - Other letting and operating of own or leased real estate,,,,http://business.data.gov.uk/id/company/01000369
Pinnacle Ventures LTD,01000370,,,32 Manor Way,,Glasgow,,United Kingdom,L1 4BE,Private Limited Company,Active,United Kingdom,,03/11/2018,70100 - Activities of head offices,,,,http://business.data.gov.uk/id/company/01000370
Aldgate Holdings LTD,01000371,,,177 High Street,,Liverpool,,United Kingdom,CF10 4AT,Private Limited Company,Active,United Kingdom,,27/04/2022,68209 - Other letting and operating of own or leased real estate,,,,http://business.data.gov.uk/id/company/01000371
Eastbrook Management PLC,01000372,,,207 Station Road,,Manchester,,United Kingdom,WC2H 3ZQ,Private Limited Company,Active,United Kingdom,,23/09/2003,47190 - Other retail sale in non-specialised stores,,,,http://business.data.gov.uk/id/company/01000372
Kingsway Resources LLP,01000373,,,35 Queens Road,,Glasgow,,United Kingdom,SW1A 1QU,Private Limited Company,Dissolved,United Kingdom,,15/11/2013,47190 - Other retail sale in non-specialised stores,,,,http://business.data.gov.uk/id/company/01000373
Ashcroft Group LIMITED,01000374,,,221 Victoria Road,,Birmingham,,United Kingdom,L1 8HU,Private Limited Company,Active,United Kingdom,,22/08/2007,82990 - Other business support service activities n.e.c.,,,,http://business.data.gov.uk/id/company/01000374
Harbourview Holdings LTD,01000375,,,31 Victoria Road,,Bristol,,United Kingdom,SW1A 8NH,Private Limited Company,Active,United Kingdom,,18/09/2004,47190 - Other retail sale in non-specialised stores,,,,http://business.data.gov.uk/id/company/01000375
Camberwell Management LTD,01000376,,,159 Kings Avenue,,Leeds,,United Kingdom,EH1 6UX,Private Limited Company,Active,United Kingdom,,12/06/2003,64209 - Activities of other holding companies n.e.c.,,,,http://business.data.gov.uk/id/company/01000376
Eastbrook Capital PLC,01000377,,,195 Park View,,Edinburgh,,United Kingdom,CF10 2SU,Private Limited Company,Active,United Kingdom,,19/10/1994,68209 - Other letting and operating of own or leased real estate,,,,http://business.data.gov.uk/id/company/01000377
Camberwell Resources LIMITED,01000378,,,91 High Street,,Manchester,,United Kingdom,BS1 6NE,Private Limited Company,Active,United Kingdom,,24/02/2022,64209 - Activities of other holding companies n.e.c.,,,,http://business.data.gov.uk/id/company/01000378
Northgate Properties LLP,01000379,,,70 Station Road,,London,,United Kingdom,L1 4BJ,Private Limited Company,Active,United Kingdom,,26/08/2016,64209 - Activities of other holding companies n.e.c.,,,,http://business.data.gov.uk/id/company/01000379
Gatehouse Investments LTD,01000380,,,162 Kings Avenue,,Leeds,,United Kingdom,S1 7JT,Private Limited Company,Active,United Kingdom,,06/05/2002,47190 - Other retail sale in non-specialised stores,,,,http://business.data.gov.uk/id/company/01000380
Camberwell Enterprises PLC,01000381,,,24 Mill Lane,,Bristol,,United Kingdom,BS1 5QY,Private Limited Company,Active,United Kingdom,,16/05/2023,70100 - Activities of head offices,,,,http://business.data.gov.uk/id/company/01000381
Ravensworth Group LLP,01000382,,,15 Victoria Road,,Birmingham,,United Kingdom,CF10 1EY,Private Limited Company,Liquidation,United Kingdom,,11/08/2023,70100 - Activities of head offices,,,,http://business.data.gov.uk/id/company/01000382
Ironbridge Assets LLP,01000383,,,76 Station Road,,London,,United Kingdom,L1 9HW,Private Limited Company,Active,United Kingdom,,03/04/2013,68209 - Other letting and operating of own or leased real estate,,,,http://business.data.gov.uk/id/company/01000383
Longacre Ventures LLP,01000384,,,168 Mill Lane,,Liverpool,,United Kingdom,EC1V 5WA,Private Limited Company,Active,United Kingdom,,26/11/1994,68209 - Other letting and operating of own or leased real estate,,,,http://business.data.gov.uk/id/company/01000384
Longacre Assets PLC,01000385,,,192 Queens Road,,Manchester,,United Kingdom,BS1 3ZB,Private Limited Company,Active,United Kingdom,,08/08/1999,82990 - Other business support service activities n.e.c.,,,,http://business.data.gov.uk/id/company/01000385
Pinnacle Investments 8 LIMITED,SC1000386,,,127 Station Road,,Glasgow,,United Kingdom,CF10 6DL,Private Limited Company,Active,United Kingdom,,26/07/1999,68209 - Other letting and operating of own or leased real estate,,,,http://business.data.gov.uk/id/company/SC1000386
Ironbridge Capital LIMITED,01000387,,,165 Victoria Road,,Manchester,,United Kingdom,S1 9PU,Private Limited Company,Active,United Kingdom,,28/07/2015,68209 - Other letting and operating of own or leased real estate,,,,http://business.data.gov.uk/id/company/01000387
Ludgate Properties LTD,01000388,,,143 High Street,,Edinburgh,,United Kingdom,SW1A 9ZT,Private Limited Company,Active,United Kingdom,,16/01/2013,70100 - Activities of head offices,,,,http://business.data.gov.uk/id/company/01000388
Ashcroft Properties LIMITED,01000389,,,113 Mill Lane,,Leeds,,United Kingdom,SE1 1SL,Private Limited Company,Active,United Kingdom,,19/09/2009,64209 - Activities of other holding companies n.e.c.,,,,http://business.data.gov.uk/id/company/01000389
Longacre Capital PLC,01000390,,,29 Station Road,,Glasgow,,United Kingdom,WC2H 9GQ,Private Limited Company,Active,United Kingdom,,17/09/1998,68209 - Other letting and operating of own or leased real estate,,,,http://business.data.gov.uk/id/company/01000390
Whitehall Capital PLC,01000391,,,198 Station Road,,Sheffield,,United Kingdom,LS1 1AY,Private Limited Company,Active,United Kingdom,,13/05/1996,47190 - Other retail sale in non-specialised stores,,,,http://business.data.gov.uk/id/company/01000391
Thornbury Assets LTD,01000392,,,23 Park View,,Cardiff,,United Kingdom,B3 2EA,Private Limited Company,Active,United Kingdom,,20/07/2019,82990 - Other business support service activities n.e.c.,,,,http://business.data.gov.uk/id/company/01000392
Silverline Resources LTD,01000393,,,140 Park View,,Cardiff,,United Kingdom,G2 2GB,Private Limited Company,Active,United Kingdom,,02/04/2024,47190 - Other retail sale in non-specialised stores,,,,http://business.data.gov.uk/id/company/01000393
Marlborough Partners LIMITED,01000394,,,87 Mill Lane,,Edinburgh,,United Kingdom,B3 2QT,Private Limited Company,Active,United Kingdom,,06/01/1993,64209 - Activities of other holding companies n.e.c.,,,,http://business.data.gov.uk/id/company/01000394
Ashcroft Capital LTD,01000395,,,224 Queens Road,,Liverpool,,United Kingdom,B3 6BF,Private Limited Company,Active,United Kingdom,,21/08/1992,70100 - Activities of head offices,,,,http://business.data.gov.uk/id/company/01000395
Silverline Ventures LLP,01000396,,,235 Victoria Road,,Bristol,,United Kingdom,B3 3YA,Private Limited Company,Active,United Kingdom,,23/06/2019,68209 - Other letting and operating of own or leased real estate,,,,http://business.data.gov.uk/id/company/01000396
Pinnacle Properties LLP,01000397,,,118 Station Road,,Liverpool,,United Kingdom,L1 7EX,Private Limited Company,Dissolved,United Kingdom,,09/11/1992,82990 - Other business support service activities n.e.c.,,,,http://business.data.gov.uk/id/company/01000397
Kingsway Assets 30 PLC,01000398,,,38 Victoria Road,,Bristol,,United Kingdom,G2 6XN,Private Limited Company,Active,United Kingdom,,07/01/2004,64209 - Activities of other holding companies n.e.c.,,,,http://business.data.gov.uk/id/company/01000398
Longacre Group LIMITED,01000399,,,235 Mill Lane,,Leeds,,United Kingdom,SE1 4HA,Private Limited Company,Active,United Kingdom,,14/11/2023,47190 - Other retail sale in non-specialised stores,,,,http://business.data.gov.uk/id/company/01000399
Blackwater Investments LLP,01000400,,,193 High Street,,Glasgow,,United Kingdom,G2 5HY,Private Limited Company,Dissolved,United Kingdom,,22/10/2020,82990 - Other business support service activities n.e.c.,,,,http://business.data.gov.uk/id/company/01000400
Thornbury Ventures LLP,01000401,,,140 Bridge Street,,Cardiff,,United Kingdom,EC1V 5DP,Private Limited Company,Dissolved,United Kingdom,,20/01/2016,64209 - Activities of other holding companies n.e.c.,,,,http://business.data.gov.uk/id/company/01000401
Aldgate Assets 2 LIMITED,01000402,,,161 Park View,,Cardiff,,United Kingdom,N1 3PD,Private Limited Company,Dissolved,United Kingdom,,02/09/2011,47190 - Other retail sale in non-specialised stores,,,,http://business.data.gov.uk/id/company/01000402
Aldgate Resources PLC,01000403,,,54 Mill Lane,,Liverpool,,United Kingdom,B3 1JQ,Private Limited Company,Active,United Kingdom,,13/02/2023,70100 - Activities of head offices,,,,http://business.data.gov.uk/id/company/01000403
Pinnacle Investments LTD,01000404,,,225 Victoria Road,,Manchester,,United Kingdom,SW1A 5FA,Private Limited Company,Active,United Kingdom,,23/12/1991,64209 - Activities of other holding companies n.e.c.,,,,http://business.data.gov.uk/id/company/01000404
Beaconsfield Resources PLC,01000405,,,198 Queens Road,,Glasgow,,United Kingdom,CF10 6GA,Private Limited Company,Liquidation,United Kingdom,,10/09/2017,64209 - Activities of other holding companies n.e.c.,,,,http://business.data.gov.uk/id/company/01000405
Gatehouse Group LLP,SC1000406,,,23 Kings Avenue,,Glasgow,,United Kingdom,M1 1TU,Private Limited Company,Active,United Kingdom,,11/04/2024,70100 - Activities of head offices,,,,http://business.data.gov.uk/id/company/SC1000406
Crestwood Investments LLP,SC1000407,,,84 High Street,,Glasgow,,United Kingdom,EH1 2UF,Private Limited Company,Active,United Kingdom,,12/10/2011,70100 - Activities of head offices,,,,http://business.data.gov.uk/id/company/SC1000407
Ashcroft Investments LIMITED,01000408,,,21 High Street,,Glasgow,,United Kingdom,N1 5LE,Private Limited Company,Active,United Kingdom,,18/02/2000,82990 - Other business support service activities n.e.c.,,,,http://business.data.gov.uk/id/company/01000408
Beaconsfield Resources LTD,01000409,,,220 Victoria Road,,Edinburgh,,United Kingdom,SW1A 3HE,Private Limited Company,Active,United Kingdom,,16/10/2006,70100 - Activities of head offices,,,,http://business.data.gov.uk/id/company/01000409
Marlborough Capital LIMITED,01000410,,,221 Park View,,Edinburgh,,United Kingdom,L1 9NF,Private Limited Company,Active,United Kingdom,,07/10/1999,68209 - Other letting and operating of own or leased real estate,,,,http://business.data.gov.uk/id/company/01000410
Ashcroft Trading LLP,01000411,,,240 Church Lane,,Leeds,,United Kingdom,EC1V 2GL,Private Limited Company,Dissolved,United Kingdom,,14/11/2010,68209 - Other letting and operating of own or leased real estate,,,,http://business.data.gov.uk/id/company/01000411
Kingsway Properties LIMITED,01000412,,,249 Kings Avenue,,Glasgow,,United Kingdom,M1 5GY,Private Limited Company,Active,United Kingdom,,15/11/2023,70100 - Activities of head offices,,,,http://business.data.gov.uk/id/company/01000412
Marlborough Partners PLC,01000413,,,202 Church Lane,,Glasgow,,United Kingdom,L1 8YY,Private Limited Company,Active,United Kingdom,,28/06/2010,70100 - Activities of head offices,,,,http://business.data.gov.uk/id/company/01000413
Ironbridge Enterprises LIMITED,SC1000414,,,67 High Street,,Cardiff,,United Kingdom,S1 9NP,Private Limited Company,Dissolved,United Kingdom,,17/02/1997,64209 - Activities of other holding companies n.e.c.,,,,http://business.data.gov.uk/id/company/SC1000414
Sterling Properties LLP,01000415,,,113 Victoria Road,,Leeds,,United Kingdom,S1 5PZ,Private Limited Company,Active,United Kingdom,,08/08/2019,47190 - Other retail sale in non-specialised stores,,,,http://business.data.gov.uk/id/company/01000415
Meridian Capital 35 LTD,01000416,,,68 Mill Lane,,Liverpool,,United Kingdom,L1 7GR,Private Limited Company,Active,United Kingdom,,07/09/2007,47190 - Other retail sale in non-specialised stores,,,,http://business.data.gov.uk/id/company/01000416
Sterling Partners LLP,SC1000417,,,70 Mill Lane,,Liverpool,,United Kingdom,EH1 7GR,Private Limited Company,Active,United Kingdom,,11/04/2016,70100 - Activities of head offices,,,,http://business.data.gov.uk/id/company/SC1000417
Silverline Partners LTD,01000418,,,220 Mill Lane,,Manchester,,United Kingdom,W1D 1GF,Private Limited Company,Active,United Kingdom,,20/10/1997,64209 - Activities of other holding companies n.e.c.,,,,http://business.data.gov.uk/id/company/01000418
Whitehall Trading 35 LTD,01000419,,,37 Kings Avenue,,Birmingham,,United Kingdom,M1 4BR,Private Limited Company,Active,United Kingdom,,24/02/2024,68209 - Other letting and operating of own or leased real estate,,,,http://business.data.gov.uk/id/company/01000419
Sterling Ventures 7 PLC,01000420,,,95 Station Road,,Manchester,,United Kingdom,EH1 4DL,Private Limited Company,Active,United Kingdom,,24/09/2004,47190 - Other retail sale in non-specialised stores,,,,http://business.data.gov.uk/id/company/01000420
Whitehall Trading LTD,01000421,,,91 Park View,,London,,United Kingdom,CF10 8YX,Private Limited Company,Active,United Kingdom,,14/04/2020,82990 - Other business support service activities n.e.c.,,,,http://business.data.gov.uk/id/company/01000421
Harbourview Group LIMITED,01000422,,,248 Kings Avenue,,Liverpool,,United Kingdom,WC2H 5ND,Private Limited Company,Dissolved,United Kingdom,,15/07/2023,70100 - Activities of head offices,,,,http://business.data.gov.uk/id/company/01000422
Aldgate Group LLP,01000423,,,90 Bridge Street,,London,,United Kingdom,G2 5EF,Private Limited Company,Dissolved,United Kingdom,,20/10/2015,47190 - Other retail sale in non-specialised stores,,,,http://business.data.gov.uk/id/company/01000423
Aldgate Resources LLP,01000424,,,80 Church Lane,,Leeds,,United Kingdom,EH1 7EZ,Private Limited Company,Active,United Kingdom,,25/07/1995,70100 - Activities of head offices,,,,http://business.data.gov.uk/id/company/01000424
Thornbury Group LTD,01000425,,,22 High Street,,Edinburgh,,United Kingdom,G2 5ES,Private Limited Company,Active,United Kingdom,,18/08/1994,47190 - Other retail sale in non-specialised stores,,,,http://business.data.gov.uk/id/company/01000425
Kingsway Resources PLC,01000426,,,118 Park View,,Manchester,,United Kingdom,M1 3AQ,Private Limited Company,Active,United Kingdom,,21/09/2024,68209 - Other letting and operating of own or leased real estate,,,,http://business.data.gov.uk/id/company/01000426
Ravensworth Group LLP,01000427,,,33 Kings Avenue,,Birmingham,,United Kingdom,S1 7EQ,Private Limited Company,Active,United Kingdom,,06/10/2022,47190 - Other retail sale in non-specialised stores,,,,http://business.data.gov.uk/id/company/01000427
Thornbury Properties PLC,01000428,,,182 Mill Lane,,Liverpool,,United Kingdom,M1 3XD,Private Limited Company,Active,United Kingdom,,07/05/1998,70100 - Activities of head offices,,,,http://business.data.gov.uk/id/company/01000428
Beaconsfield Properties LIMITED,01000429,,,14 Station Road,,Sheffield,,United Kingdom,CF10 5JJ,Private Limited Company,Active,United Kingdom,,12/11/2012,47190 - Other retail sale in non-specialised stores,,,,http://business.data.gov.uk/id/company/01000429
Harbourview Management LLP,01000430,,,4 Queens Road,,Manchester,,United Kingdom,EH1 4FS,Private Limited Company,Dissolved,United Kingdom,,26/11/2001,47190 - Other retail sale in non-specialised stores,,,,http://business.data.gov.uk/id/company/01000430
Beaconsfield Ventures LTD,01000431,,,94 Mill Lane,,Glasgow,,United Kingdom,L1 4GN,Private Limited Company,Active,United Kingdom,,25/08/1994,68209 - Other letting and operating of own or leased real estate,,,,http://business.data.gov.uk/id/company/01000431
Silverline Holdings LIMITED,01000432,,,39 Park View,,Edinburgh,,United Kingdom,CF10 7AU,Private Limited Company,Active,United Kingdom,,27/01/2013,47190 - Other retail sale in non-specialised stores,,,,http://business.data.gov.uk/id/company/01000432
Fairhaven Assets LLP,01000433,,,246 Park View,,Manchester,,United Kingdom,N1 1XX,Private Limited Company,Active,United Kingdom,,03/05/2022,82990 - Other business support service activities n.e.c.,,,,http://business.data.gov.uk/id/company/01000433
Ravensworth Properties LTD,01000434,,,70 Church Lane,,Cardiff,,United Kingdom,G2 7SU,Private Limited Company,Active,United Kingdom,,07/10/2007,70100 - Activities of head offices,,,,http://business.data.gov.uk/id/company/01000434
Redwood Management LIMITED,01000435,,,210 Station Road,,Glasgow,,United Kingdom,G2 4FU,Private Limited Company,Active,United Kingdom,,20/11/2010,70100 - Activities of head offices,,,,http://business.data.gov.uk/id/company/01000435
Eastbrook Trading LIMITED,01000436,,,208 Church Lane,,Glasgow,,United Kingdom,S1 8FW,Private Limited Company,Active,United Kingdom,,19/10/2001,70100 - Activities of head offices,,,,http://business.data.gov.uk/id/company/01000436
Silverline Holdings LTD,01000437,,,48 Manor Way,,Glasgow,,United Kingdom,SW1A 2YL,Private Limited Company,Dissolved,United Kingdom,,14/05/2018,47190 - Other retail sale in non-specialised stores,,,,http://business.data.gov.uk/id/company/01000437
Camberwell Enterprises LTD,01000438,,,18 Station Road,,Edinburgh,,United Kingdom,W1D 2BW,Private Limited Company,Active,United Kingdom,,07/04/2004,82990 - Other business support service activities n.e.c.,,,,http://business.data.gov.uk/id/company/01000438
Eastbrook Holdings LTD,01000439,,,227 Mill Lane,,Edinburgh,,United Kingdom,EH1 7XT,Private Limited Company,Active,United Kingdom,,09/04/2004,68209 - Other letting and operating of own or leased real estate,,,,http://business.data.gov.uk/id/company/01000439
Aldgate Capital LIMITED,01000440,,,125 Church Lane,,Cardiff,,United Kingdom,G2 7HJ,Private Limited Company,Active,United Kingdom,,07/07/2023,64209 - Activities of other holding companies n.e.c.,,,,http://business.data.gov.uk/id/company/01000440
Crestwood Assets LIMITED,01000441,,,148 Park View,,Glasgow,,United Kingdom,G2 4ES,Private Limited Company,Dissolved,United Kingdom,,17/02/1998,68209 - Other letting and operating of own or leased real estate,,,,http://business.data.gov.uk/id/company/01000441
Gatehouse Management LTD,01000442,,,95 Mill Lane,,Edinburgh,,United Kingdom,BS1 3QL,Private Limited Company,Active,United Kingdom,,14/04/1998,68209 - Other letting and operating of own or leased real estate,,,,http://business.data.gov.uk/id/company/01000442
Marlborough Group LIMITED,01000443,,,113 Kings Avenue,,Leeds,,United Kingdom,EH1 3NG,Private Limited Company,Active,United Kingdom,,01/03/1993,70100 - Activities of head offices,,,,http://business.data.gov.uk/id/company/01000443
Redwood Group 26 LTD,01000444,,,132 Station Road,,Liverpool,,United Kingdom,CF10 5SP,Private Limited Company,Active,United Kingdom,,21/11/2006,47190 - Other retail sale in non-specialised stores,,,,http://business.data.gov.uk/id/company/01000444
Meridian Ventures LLP,01000445,,,191 Station Road,,Birmingham,,United Kingdom,L1 6XP,Private Limited Company,Active,United Kingdom,,20/01/1997,64209 - Activities of other holding companies n.e.c.,,,,http://business.data.gov.uk/id/company/01000445
Crestwood Resources LTD,01000446,,,120 Manor Way,,Bristol,,United Kingdom,L1 7DF,Private Limited Company,Active,United Kingdom,,09/04/1996,70100 - Activities of head offices,,,,http://business.data.gov.uk/id/company/01000446
Marlborough Investments PLC,01000447,,,200 Station Road,,Birmingham,,United Kingdom,EH1 4PP,Private Limited Company,Active,United Kingdom,,06/11/1993,68209 - Other letting and operating of own or leased real estate,,,,http://business.data.gov.uk/id/company/01000447
Marlborough Enterprises LLP,01000448,,,225 Park View,,Edinburgh,,United Kingdom,SW1A 4NZ,Private Limited Company,Active,United Kingdom,,16/02/2022,70100 - Activities of head offices,,,,http://business.data.gov.uk/id/company/01000448
Ravensworth Partners LTD,01000449,,,148 Bridge Street,,Cardiff,,United Kingdom,BS1 4FF,Private Limited Company,Active,United Kingdom,,24/05/1997,47190 - Other retail sale in non-specialised stores,,,,http://business.data.gov.uk/id/company/01000449
Kingsway Properties PLC,01000450,,,170 Queens Road,,Birmingham,,United Kingdom,N1 9PB,Private Limited Company,Dissolved,United Kingdom,,24/11/1991,64209 - Activities of other holding companies n.e.c.,,,,http://business.data.gov.uk/id/company/01000450
Redwood Trading LIMITED,01000451,,,93 Queens Road,,Edinburgh,,United Kingdom,L1 4DT,Private Limited Company,Active,United Kingdom,,17/11/2021,70100 - Activities of head offices,,,,http://business.data.gov.uk/id/company/01000451
Thornbury Properties LTD,01000452,,,218 Church Lane,,Sheffield,,United Kingdom,M1 9ST,Private Limited Company,Active,United Kingdom,,08/12/2019,64209 - Activities of other holding companies n.e.c.,,,,http://business.data.gov.uk/id/company/01000452
Fairhaven Management 12 LIMITED,01000453,,,152 Mill Lane,,Bristol,,United Kingdom,N1 7JZ,Private Limited Company,Active,United Kingdom,,09/07/2014,64209 - Activities of other holding companies n.e.c.,,,,http://business.data.gov.uk/id/company/01000453
Marlborough Trading 16 LIMITED,01000454,,,145 Park View,,Leeds,,United Kingdom,M1 1ZR,Private Limited Company,Active,United Kingdom,,10/08/2020,68209 - Other letting and operating of own or leased real estate,,,,http://business.data.gov.uk/id/company/01000454
Sterling Enterprises LTD,01000455,,,238 Station Road,,London,,United Kingdom,BS1 5YH,Private Limited Company,Active,United Kingdom,,25/10/2015,70100 - Activities of head offices,,,,http://business.data.gov.uk/id/company/01000455
Ironbridge Group 5 LIMITED,01000456,,,94 Queens Road,,Cardiff,,United Kingdom,EC1V 1SW,Private Limited Company,Active,United Kingdom,,11/07/1992,70100 - Activities of head offices,,,,http://business.data.gov.uk/id/company/01000456
Aldgate Resources LTD,01000457,,,241 Queens Road,,Manchester,,United Kingdom,LS1 9QX,Private Limited Company,Active,United Kingdom,,13/06/2006,82990 - Other business support service activities n.e.c.,,,,http://business.data.gov.uk/id/company/01000457
Ludgate Trading 3 LIMITED,01000458,,,241 Queens Road,,Bristol,,United Kingdom,N1 5PA,Private Limited Company,Active,United Kingdom,,20/09/1995,70100 - Activities of head offices,,,,http://business.data.gov.uk/id/company/01000458
Ashcroft Group LIMITED,01000459,,,159 Mill Lane,,Sheffield,,United Kingdom,N1 6ZW,Private Limited Company,Active,United Kingdom,,13/09/2009,82990 - Other business support service activities n.e.c.,,,,http://business.data.gov.uk/id/company/01000459
Ashcroft Assets LIMITED,01000460,,,41 Mill Lane,,Liverpool,,United Kingdom,LS1 4LL,Private Limited Company,Active,United Kingdom,,15/02/2012,82990 - Other business support service activities n.e.c.,,,,http://business.data.gov.uk/id/company/01000460
Harbourview Enterprises LIMITED,01000461,,,32 Bridge Street,,London,,United Kingdom,EH1 5UX,Private Limited Company,Active,United Kingdom,,22/07/1999,47190 - Other retail sale in non-specialised stores,,,,http://business.data.gov.uk/id/company/01000461
Fairhaven Resources LIMITED,SC1000462,,,49 Church Lane,,Birmingham,,United Kingdom,LS1 2FX,Private Limited Company,Active,United Kingdom,,28/12/1999,82990 - Other business support service activities n.e.c.,,,,http://business.data.gov.uk/id/company/SC1000462
Pinnacle Resources 3 PLC,01000463,,,63 Queens Road,,Sheffield,,United Kingdom,SW1A 2LU,Private Limited Company,Active,United Kingdom,,10/10/1993,82990 - Other business support service activities n.e.c.,,,,http://business.data.gov.uk/id/company/01000463
Fairhaven Properties LIMITED,01000464,,,44 Kings Avenue,,Cardiff,,United Kingdom,B3 8FW,Private Limited Company,Active,United Kingdom,,07/03/1991,47190 - Other retail sale in non-specialised stores,,,,http://business.data.gov.uk/id/company/01000464
Meridian Group LLP,01000465,,,226 Victoria Road,,Manchester,,United Kingdom,L1 7EG,Private Limited Company,Active,United Kingdom,,16/02/2000,70100 - Activities of head offices,,,,http://business.data.gov.uk/id/company/01000465
Kingsway Properties LIMITED,01000466,,,4 High Street,,Cardiff,,United Kingdom,SW1A 5NU,Private Limited Company,Active,United Kingdom,,21/03/1996,82990 - Other business support service activities n.e.c.,,,,http://business.data.gov.uk/id/company/01000466
Marlborough Partners LTD,01000467,,,166 Station Road,,Manchester,,United Kingdom,M1 8YN,Private Limited Company,Active,United Kingdom,,23/10/2022,70100 - Activities of head offices,,,,http://business.data.gov.uk/id/company/01000467
Redwood Assets LLP,01000468,,,30 Queens Road,,Sheffield,,United Kingdom,CF10 1FX,Private Limited Company,Active,United Kingdom,,10/11/2021,82990 - Other business support service activities n.e.c.,,,,http://business.data.gov.uk/id/company/01000468
Northgate Properties PLC,01000469,,,42 Victoria Road,,Birmingham,,United Kingdom,EC1V 5EA,Private Limited Company,Active,United Kingdom,,03/04/2015,68209 - Other letting and operating of own or leased real estate,,,,http://business.data.gov.uk/id/company/01000469
Crestwood Management PLC,01000470,,,247 Station Road,,Manchester,,United Kingdom,EC1V 6QD,Private Limited Company,Active,United Kingdom,,22/10/2022,70100 - Activities of head offices,,,,http://business.data.gov.uk/id/company/01000470
Marlborough Properties LLP,01000471,,,176 Kings Avenue,,Bristol,,United Kingdom,CF10 1GL,Private Limited Company,Active,United Kingdom,,15/03/2021,82990 - Other business support service activities n.e.c.,,,,http://business.data.gov.uk/id/company/01000471
Whitehall Holdings 24 LIMITED,01000472,,,174 Station Road,,Edinburgh,,United Kingdom,EH1 4GQ,Private Limited Company,Active,United Kingdom,,04/06/2004,70100 - Activities of head offices,,,,http://business.data.gov.uk/id/company/01000472
Whitehall Group PLC,01000473,,,104 Church Lane,,Edinburgh,,United Kingdom,BS1 4DB,Private Limited Company,Active,United Kingdom,,22/04/2022,82990 - Other business support service activities n.e.c.,,,,http://business.data.gov.uk/id/company/01000473
Ravensworth Holdings LLP,01000474,,,92 Manor Way,,Edinburgh,,United Kingdom,G2 9JA,Private Limited Company,Dissolved,United Kingdom,,27/03/2010,47190 - Other retail sale in non-specialised stores,,,,http://business.data.gov.uk/id/company/01000474
Silverline Trading LIMITED,01000475,,,40 Queens Road,,Bristol,,United Kingdom,S1 5GX,Private Limited Company,Active,United Kingdom,,20/07/2005,64209 - Activities of other holding companies n.e.c.,,,,http://business.data.gov.uk/id/company/01000475
Ironbridge Group LIMITED,01000476,,,223 Victoria Road,,Glasgow,,United Kingdom,WC2H 6BQ,Private Limited Company,Active,United Kingdom,,05/02/2000,64209 - Activities of other holding companies n.e.c.,,,,http://business.data.gov.uk/id/company/01000476
Blackwater Assets LLP,01000477,,,18 High Street,,Glasgow,,United Kingdom,BS1 1DS,Private Limited Company,Active,United Kingdom,,17/12/2015,68209 - Other letting and operating of own or leased real estate,,,,http://business.data.gov.uk/id/company/01000477
Silverline Capital LTD,01000478,,,24 Park View,,Birmingham,,United Kingdom,SW1A 3GR,Private Limited Company,Active,United Kingdom,,02/12/2002,64209 - Activities of other holding companies n.e.c.,,,,http://business.data.gov.uk/id/company/01000478
Ludgate Capital 7 LLP,01000479,,,104 Victoria Road,,London,,United Kingdom,L1 5AX,Private Limited Company,Active,United Kingdom,,10/09/2019,47190 - Other retail sale in non-specialised stores,,,,http://business.data.gov.uk/id/company/01000479
Longacre Trading LIMITED,01000480,,,166 Queens Road,,Glasgow,,United Kingdom,LS1 8HL,Private Limited Company,Active,United Kingdom,,05/02/2010,68209 - Other letting and operating of own or leased real estate,,,,http://business.data.gov.uk/id/company/01000480
Redwood Holdings PLC,01000481,,,129 Victoria Road,,Liverpool,,United Kingdom,G2 2NR,Private Limited Company,Active,United Kingdom,,21/01/1998,64209 - Activities of other holding companies n.e.c.,,,,http://business.data.gov.uk/id/company/01000481
Sterling Enterprises LTD,01000482,,,123 Queens Road,,Birmingham,,United Kingdom,LS1 4PS,Private Limited Company,Active,United Kingdom,,18/10/2010,47190 - Other retail sale in non-specialised stores,,,,http://business.data.gov.uk/id/company/01000482
Fairhaven Management PLC,01000483,,,87 Church Lane,,London,,United Kingdom,SW1A 8SW,Private Limited Company,Active,United Kingdom,,02/05/1990,70100 - Activities of head offices,,,,http://business.data.gov.uk/id/company/01000483
Marlborough Trading LIMITED,01000484,,,90 Station Road,,Manchester,,United Kingdom,SW1A 5TH,Private Limited Company,Active,United Kingdom,,22/05/1999,64209 - Activities of other holding companies n.e.c.,,,,http://business.data.gov.uk/id/company/01000484
Pinnacle Properties 19 PLC,01000485,,,75 Queens Road,,Bristol,,United Kingdom,EH1 2EQ,Private Limited Company,Active,United Kingdom,,03/07/2003,64209 - Activities of other holding companies n.e.c.,,,,http://business.data.gov.uk/id/company/01000485
Blackwater Trading LTD,01000486,,,110 High Street,,Edinburgh,,United Kingdom,EC1V 8UT,Private Limited Company,Active,United Kingdom,,03/09/1991,64209 - Activities of other holding companies n.e.c.,,,,http://business.data.gov.uk/id/company/01000486
Thornbury Ventures PLC,01000487,,,23 High Street,,Leeds,,United Kingdom,CF10 7AY,Private Limited Company,Dissolved,United Kingdom,,17/03/2017,82990 - Other business support service activities n.e.c.,,,,http://business.data.gov.uk/id/company/01000487
Harbourview Ventures LTD,01000488,,,115 Bridge Street,,Manchester,,United Kingdom,EC1V 1XS,Private Limited Company,Active,United Kingdom,,04/04/1999,64209 - Activities of other holding companies n.e.c.,,,,http://business.data.gov.uk/id/company/01000488
Fairhaven Group LLP,01000489,,,79 Bridge Street,,Liverpool,,United Kingdom,SE1 6SG,Private Limited Company,Active,United Kingdom,,28/02/2014,64209 - Activities of other holding companies n.e.c.,,,,http://business.data.gov.uk/id/company/01000489
Sterling Ventures LLP,01000490,,,133 Victoria Road,,Birmingham,,United Kingdom,LS1 2LT,Private Limited Company,Active,United Kingdom,,13/10/1994,68209 - Other letting and operating of own or leased real estate,,,,http://business.data.gov.uk/id/company/01000490
Marlborough Trading LLP,SC1000491,,,138 Mill Lane,,Glasgow,,United Kingdom,SW1A 3UQ,Private Limited Company,Active,United Kingdom,,15/01/1993,68209 - Other letting and operating of own or leased real estate,,,,http://business.data.gov.uk/id/company/SC1000491
Kingsway Ventures LLP,01000492,,,127 Mill Lane,,Cardiff,,United Kingdom,S1 3QR,Private Limited Company,Active,United Kingdom,,17/01/1999,82990 - Other business support service activities n.e.c.,,,,http://business.data.gov.uk/id/company/01000492
Longacre Assets PLC,01000493,,,142 Queens Road,,Cardiff,,United Kingdom,SE1 6EG,Private Limited Company,Active,United Kingdom,,21/10/2013,68209 - Other letting and operating of own or leased real estate,,,,http://business.data.gov.uk/id/company/01000493
Kingsway Trading LTD,01000494,,,136 Manor Way,,Birmingham,,United Kingdom,SW1A 9YU,Private Limited Company,Active,United Kingdom,,01/11/1990,64209 - Activities of other holding companies n.e.c.,,,,http://business.data.gov.uk/id/company/01000494
Ludgate Trading 36 LTD,SC1000495,,,77 Bridge Street,,London,,United Kingdom,M1 8RL,Private Limited Company,Active,United Kingdom,,27/10/2003,47190 - Other retail sale in non-specialised stores,,,,http://business.data.gov.uk/id/company/SC1000495
Eastbrook Properties LIMITED,01000496,,,182 Bridge Street,,Bristol,,United Kingdom,M1 3GD,Private Limited Company,Active,United Kingdom,,08/04/2005,47190 - Other retail sale in non-specialised stores,,,,http://business.data.gov.uk/id/company/01000496
Longacre Assets 30 LLP,01000497,,,244 Church Lane,,Birmingham,,United Kingdom,EC1V 2NY,Private Limited Company,Active,United Kingdom,,09/09/1994,68209 - Other letting and operating of own or leased real estate,,,,http://business.data.gov.uk/id/company/01000497
Fairhaven Capital PLC,01000498,,,168 High Street,,Sheffield,,United Kingdom,LS1 5AX,Private Limited Company,Active,United Kingdom,,09/02/2003,82990 - Other business support service activities n.e.c.,,,,http://business.data.gov.uk/id/company/01000498
Thornbury Management PLC,01000499,,,159 Station Road,,Leeds,,United Kingdom,BS1 6ZL,Private Limited Company,Active,United Kingdom,,27/01/2004,70100 - Activities of head offices,,,,http://business.data.gov.uk/id/company/01000499
Gatehouse Enterprises LTD,01000500,,,239 Kings Avenue,,Cardiff,,United Kingdom,WC2H 5WL,Private Limited Company,Active,United Kingdom,,18/02/2009,47190 - Other retail sale in non-specialised stores,,,,http://business.data.gov.uk/id/company/01000500
Redwood Management PLC,01000501,,,53 Church Lane,,Manchester,,United Kingdom,EC1V 8EF,Private Limited Company,Active,United Kingdom,,10/08/1997,68209 - Other letting and operating of own or leased real estate,,,,http://business.data.gov.uk/id/company/01000501
Gatehouse Management PLC,01000502,,,208 Church Lane,,London,,United Kingdom,BS1 1UX,Private Limited Company,Active,United Kingdom,,25/11/2021,68209 - Other letting and operating of own or leased real estate,,,,http://business.data.gov.uk/id/company/01000502
Sterling Holdings LLP,01000503,,,157 Bridge Street,,Edinburgh,,United Kingdom,W1D 7WU,Private Limited Company,Active,United Kingdom,,11/06/1992,82990 - Other business support service activities n.e.c.,,,,http://business.data.gov.uk/id/company/01000503
Gatehouse Investments PLC,01000504,,,204 Bridge Street,,Bristol,,United Kingdom,CF10 1NP,Private Limited Company,Active,United Kingdom,,05/02/2001,64209 - Activities of other holding companies n.e.c.,,,,http://business.data.gov.uk/id/company/01000504
Kingsway Assets LLP,01000505,,,97 Park View,,Leeds,,United Kingdom,N1 3HG,Private Limited Company,Dissolved,United Kingdom,,22/07/2009,68209 - Other letting and operating of own or leased real estate,,,,http://business.data.gov.uk/id/company/01000505
Aldgate Partners LLP,01000506,,,185 Station Road,,Manchester,,United Kingdom,L1 7HT,Private Limited Company,Active,United Kingdom,,11/06/1990,68209 - Other letting and operating of own or leased real estate,,,,http://business.data.gov.uk/id/company/01000506
Ravensworth Holdings PLC,01000507,,,236 Victoria Road,,Cardiff,,United Kingdom,N1 3SF,Private Limited Company,Active,United Kingdom,,25/11/2018,47190 - Other retail sale in non-specialised stores,,,,http://business.data.gov.uk/id/company/01000507
Ashcroft Assets LLP,01000508,,,110 Mill Lane,,Manchester,,United Kingdom,G2 4QF,Private Limited Company,Active,United Kingdom,,13/03/1999,82990 - Other business support service activities n.e.c.,,,,http://business.data.gov.uk/id/company/01000508
Ashcroft Holdings LIMITED,SC1000509,,,143 Bridge Street,,Cardiff,,United Kingdom,BS1 4TP,Private Limited Company,Active,United Kingdom,,06/01/2007,64209 - Activities of other holding companies n.e.c.,,,,http://business.data.gov.uk/id/company/SC1000509
Silverline Management LLP,01000510,,,170 High Street,,Manchester,,United Kingdom,N1 9HU,Private Limited Company,Active,United Kingdom,,14/12/2002,68209 - Other letting and operating of own or leased real estate,,,,http://business.data.gov.uk/id/company/01000510
Camberwell Investments 7 PLC,01000511,,,3 Bridge Street,,Bristol,,United Kingdom,EH1 9UG,Private Limited Company,Active,United Kingdom,,11/08/2021,47190 - Other retail sale in non-specialised stores,,,,http://business.data.gov.uk/id/company/01000511
Kingsway Group LLP,01000512,,,16 Victoria Road,,Leeds,,United Kingdom,EH1 9RB,Private Limited Company,Active,United Kingdom,,12/08/2009,47190 - Other retail sale in non-specialised stores,,,,http://business.data.gov.uk/id/company/01000512
Ravensworth Partners LLP,01000513,,,233 Queens Road,,Manchester,,United Kingdom,SW1A 7EY,Private Limited Company,Active,United Kingdom,,24/07/2021,47190 - Other retail sale in non-specialised stores,,,,http://business.data.gov.uk/id/company/01000513
Harbourview Resources PLC,SC1000514,,,76 Victoria Road,,Liverpool,,United Kingdom,WC2H 2HN,Private Limited Company,Active,United Kingdom,,23/02/2001,64209 - Activities of other holding companies n.e.c.,,,,http://business.data.gov.uk/id/company/SC1000514
Longacre Ventures 3 LIMITED,01000515,,,92 Park View,,Birmingham,,United Kingdom,B3 5RB,Private Limited Company,Active,United Kingdom,,22/11/2013,64209 - Activities of other holding companies n.e.c.,,,,http://business.data.gov.uk/id/company/01000515
Redwood Trading LIMITED,01000516,,,29 Mill Lane,,London,,United Kingdom,SE1 4JY,Private Limited Company,Active,United Kingdom,,16/10/2010,47190 - Other retail sale in non-specialised stores,,,,http://business.data.gov.uk/id/company/01000516
Meridian Assets LLP,01000517,,,7 Manor Way,,Edinburgh,,United Kingdom,G2 8ZG,Private Limited Company,Active,United Kingdom,,14/06/2020,68209 - Other letting and operating of own or leased real estate,,,,http://business.data.gov.uk/id/company/01000517
Marlborough Management LIMITED,01000518,,,186 High Street,,Sheffield,,United Kingdom,LS1 2PN,Private Limited Company,Active,United Kingdom,,06/05/2014,64209 - Activities of other holding companies n.e.c.,,,,http://business.data.gov.uk/id/company/01000518
Beaconsfield Group PLC,01000519,,,61 Manor Way,,Edinburgh,,United Kingdom,S1 4LF,Private Limited Company,Active,United Kingdom,,05/02/2023,64209 - Activities of other holding companies n.e.c.,,,,http://business.data.gov.uk/id/company/01000519
Ironbridge Resources LLP,01000520,,,58 Station Road,,Sheffield,,United Kingdom,S1 3GY,Private Limited Company,Active,United Kingdom,,19/09/2012,47190 - Other retail sale in non-specialised stores,,,,http://business.data.gov.uk/id/company/01000520
Crestwood Holdings LTD,01000521,,,247 Station Road,,Manchester,,United Kingdom,SW1A 4TP,Private Limited Company,Active,United Kingdom,,23/05/2017,64209 - Activities of other holding companies n.e.c.,,,,http://business.data.gov.uk/id/company/01000521
Silverline Group PLC,01000522,,,207 High Street,,London,,United Kingdom,SW1A 3HR,Private Limited Company,Active,United Kingdom,,08/04/2022,68209 - Other letting and operating of own or leased real estate,,,,http://business.data.gov.uk/id/company/01000522
Pinnacle Holdings LIMITED,01000523,,,33 Church Lane,,Birmingham,,United Kingdom,CF10 8XS,Private Limited Company,Active,United Kingdom,,18/10/2006,47190 - Other retail sale in non-specialised stores,,,,http://business.data.gov.uk/id/company/01000523
Ashcroft Properties LTD,01000524,,,226 Kings Avenue,,Cardiff,,United Kingdom,WC2H 5TU,Private Limited Company,Active,United Kingdom,,16/04/2018,64209 - Activities of other holding companies n.e.c.,,,,http://business.data.gov.uk/id/company/01000524
Eastbrook Investments LIMITED,01000525,,,250 Victoria Road,,Bristol,,United Kingdom,S1 8LH,Private Limited Company,Active,United Kingdom,,18/05/2020,64209 - Activities of other holding companies n.e.c.,,,,http://business.data.gov.uk/id/company/01000525
Blackwater Capital LLP,01000526,,,119 Manor Way,,Manchester,,United Kingdom,L1 5EU,Private Limited Company,Active,United Kingdom,,19/07/1999,70100 - Activities of head offices,,,,http://business.data.gov.uk/id/company/01000526
Longacre Capital LLP,01000527,,,231 Manor Way,,Leeds,,United Kingdom,WC2H 2EF,Private Limited Company,Active,United Kingdom,,11/11/1995,64209 - Activities of other holding companies n.e.c.,,,,http://business.data.gov.uk/id/company/01000527
Redwood Enterprises LIMITED,SC1000528,,,67 Church Lane,,Sheffield,,United Kingdom,B3 4YD,Private Limited Company,Active,United Kingdom,,27/04/2003,68209 - Other letting and operating of own or leased real estate,,,,http://business.data.gov.uk/id/company/SC1000528
Eastbrook Management LIMITED,SC1000529,,,159 Manor Way,,Leeds,,United Kingdom,W1D 9LA,Private Limited Company,Dissolved,United Kingdom,,16/02/2016,82990 - Other business support service activities n.e.c.,,,,http://business.data.gov.uk/id/company/SC1000529
Camberwell Management LTD,01000530,,,214 Park View,,Edinburgh,,United Kingdom,LS1 3SH,Private Limited Company,Active,United Kingdom,,25/01/2005,70100 - Activities of head offices,,,,http://business.data.gov.uk/id/company/01000530
Ironbridge Holdings LLP,01000531,,,138 Church Lane,,Edinburgh,,United Kingdom,CF10 9GG,Private Limited Company,Active,United Kingdom,,15/09/2015,68209 - Other letting and operating of own or leased real estate,,,,http://business.data.gov.uk/id/company/01000531
Ashcroft Ventures LIMITED,01000532,,,200 Mill Lane,,Birmingham,,United Kingdom,M1 2RA,Private Limited Company,Active,United Kingdom,,02/04/2017,70100 - Activities of head offices,,,,http://business.data.gov.uk/id/company/01000532
Fairhaven Assets LLP,01000533,,,18 Park View,,Cardiff,,United Kingdom,BS1 4YT,Private Limited Company,Active,United Kingdom,,02/11/2017,70100 - Activities of head offices,,,,http://business.data.gov.uk/id/company/01000533
Aldgate Enterprises LTD,01000534,,,35 Queens Road,,Sheffield,,United Kingdom,SE1 9RX,Private Limited Company,Dissolved,United Kingdom,,06/09/1992,47190 - Other retail sale in non-specialised stores,,,,http://business.data.gov.uk/id/company/01000534
Blackwater Management PLC,01000535,,,119 Station Road,,Edinburgh,,United Kingdom,M1 2DB,Private Limited Company,Dissolved,United Kingdom,,16/06/2006,82990 - Other business support service activities n.e.c.,,,,http://business.data.gov.uk/id/company/01000535
Harbourview Properties LTD,SC1000536,,,218 Victoria Road,,Bristol,,United Kingdom,SE1 2XB,Private Limited Company,Active,United Kingdom,,21/04/1999,47190 - Other retail sale in non-specialised stores,,,,http://business.data.gov.uk/id/company/SC1000536
Crestwood Ventures PLC,01000537,,,203 Church Lane,,Bristol,,United Kingdom,EC1V 7PF,Private Limited Company,Active,United Kingdom,,16/04/2004,47190 - Other retail sale in non-specialised stores,,,,http://business.data.gov.uk/id/company/01000537
Thornbury Enterprises LIMITED,01000538,,,175 Queens Road,,Birmingham,,United Kingdom,BS1 3NB,Private Limited Company,Active,United Kingdom,,24/01/1997,47190 - Other retail sale in non-specialised stores,,,,http://business.data.gov.uk/id/company/01000538
Harbourview Ventures 22 PLC,01000539,,,40 Victoria Road,,Birmingham,,United Kingdom,N1 1AQ,Private Limited Company,Active,United Kingdom,,03/11/2010,68209 - Other letting and operating of own or leased real estate,,,,http://business.data.gov.uk/id/company/01000539
Kingsway Holdings LLP,01000540,,,155 Victoria Road,,Glasgow,,United Kingdom,S1 4QQ,Private Limited Company,Active,United Kingdom,,16/10/2020,70100 - Activities of head offices,,,,http://business.data.gov.uk/id/company/01000540
Fairhaven Enterprises LTD,01000541,,,46 Manor Way,,Birmingham,,United Kingdom,WC2H 7SW,Private Limited Company,Dissolved,United Kingdom,,16/08/2009,47190 - Other retail sale in non-specialised stores,,,,http://business.data.gov.uk/id/company/01000541
Ravensworth Management 21 PLC,01000542,,,206 Victoria Road,,Manchester,,United Kingdom,SE1 1RT,Private Limited Company,Active,United Kingdom,,19/11/2006,68209 - Other letting and operating of own or leased real estate,,,,http://business.data.gov.uk/id/company/01000542
Ludgate Enterprises 27 LIMITED,01000543,,,154 Mill Lane,,Cardiff,,United Kingdom,SW1A 4LA,Private Limited Company,Active,United Kingdom,,05/11/2014,82990 - Other business support service activities n.e.c.,,,,http://business.data.gov.uk/id/company/01000543
Harbourview Trading PLC,01000544,,,156 Manor Way,,Edinburgh,,United Kingdom,CF10 3EQ,Private Limited Company,Active,United Kingdom,,04/08/1993,68209 - Other letting and operating of own or leased real estate,,,,http://business.data.gov.uk/id/company/01000544
Redwood Properties PLC,01000545,,,8 Church Lane,,Liverpool,,United Kingdom,EH1 9SL,Private Limited Company,Active,United Kingdom,,01/05/1995,82990 - Other business support service activities n.e.c.,,,,http://business.data.gov.uk/id/company/01000545
Crestwood Partners 23 LTD,01000546,,,141 Park View,,Birmingham,,United Kingdom,SE1 4BB,Private Limited Company,Active,United Kingdom,,21/08/1994,70100 - Activities of head offices,,,,http://business.data.gov.uk/id/company/01000546
Whitehall Ventures PLC,01000547,,,227 Victoria Road,,Sheffield,,United Kingdom,G2 6EX,Private Limited Company,Active,United Kingdom,,03/06/1999,64209 - Activities of other holding companies n.e.c.,,,,http://business.data.gov.uk/id/company/01000547
Meridian Properties LLP,01000548,,,127 Church Lane,,Leeds,,United Kingdom,L1 2HD,Private Limited Company,Active,United Kingdom,,01/08/2013,68209 - Other letting and operating of own or leased real estate,,,,http://business.data.gov.uk/id/company/01000548
Silverline Partners LTD,01000549,,,202 Kings Avenue,,Liverpool,,United Kingdom,SW1A 5BH,Private Limited Company,Active,United Kingdom,,15/12/2009,70100 - Activities of head offices,,,,http://business.data.gov.uk/id/company/01000549
Gatehouse Management 11 LTD,01000550,,,222 Station Road,,Cardiff,,United Kingdom,W1D 9FG,Private Limited Company,Active,United Kingdom,,06/11/2002,68209 - Other letting and operating of own or leased real estate,,,,http://business.data.gov.uk/id/company/01000550
Crestwood Capital 2 PLC,01000551,,,209 Victoria Road,,Bristol,,United Kingdom,LS1 2FE,Private Limited Company,Dissolved,United Kingdom,,19/12/2020,70100 - Activities of head offices,,,,http://business.data.gov.uk/id/company/01000551
Harbourview Partners LLP,01000552,,,189 Manor Way,,Glasgow,,United Kingdom,WC2H 3TB,Private Limited Company,Active,United Kingdom,,06/05/2018,70100 - Activities of head offices,,,,http://business.data.gov.uk/id/company/01000552
Silverline Investments LIMITED,01000553,,,200 Church Lane,,Birmingham,,United Kingdom,L1 7AF,Private Limited Company,Active,United Kingdom,,27/07/2020,82990 - Other business support service activities n.e.c.,,,,http://business.data.gov.uk/id/company/01000553
Whitehall Partners LLP,01000554,,,186 Victoria Road,,Sheffield,,United Kingdom,EC1V 2BL,Private Limited Company,Active,United Kingdom,,23/04/2012,82990 - Other business support service activities n.e.c.,,,,http://business.data.gov.uk/id/company/01000554
Crestwood Trading PLC,SC1000555,,,95 Station Road,,Glasgow,,United Kingdom,S1 9AU,Private Limited Company,Active,United Kingdom,,24/12/1998,47190 - Other retail sale in non-specialised stores,,,,http://business.data.gov.uk/id/company/SC1000555
Crestwood Capital PLC,01000556,,,232 Bridge Street,,Edinburgh,,United Kingdom,N1 4GU,Private Limited Company,Dissolved,United Kingdom,,12/04/2017,47190 - Other retail sale in non-specialised stores,,,,http://business.data.gov.uk/id/company/01000556
Blackwater Group PLC,01000557,,,134 Church Lane,,Edinburgh,,United Kingdom,EC1V 7QA,Private Limited Company,Active,United Kingdom,,18/03/2019,70100 - Activities of head offices,,,,http://business.data.gov.uk/id/company/01000557
Crestwood Investments LTD,01000558,,,152 Queens Road,,Edinburgh,,United Kingdom,SE1 7YP,Private Limited Company,Active,United Kingdom,,15/03/2015,68209 - Other letting and operating of own or leased real estate,,,,http://business.data.gov.uk/id/company/01000558
Harbourview Trading PLC,01000559,,,250 Church Lane,,Sheffield,,United Kingdom,G2 8GG,Private Limited Company,Active,United Kingdom,,05/08/1992,47190 - Other retail sale in non-specialised stores,,,,http://business.data.gov.uk/id/company/01000559
Longacre Investments LTD,01000560,,,166 Bridge Street,,London,,United Kingdom,CF10 2YA,Private Limited Company,Active,United Kingdom,,18/12/1995,47190 - Other retail sale in non-specialised stores,,,,http://business.data.gov.uk/id/company/01000560
Ludgate Investments 36 LLP,01000561,,,124 Manor Way,,Edinburgh,,United Kingdom,SW1A 2GJ,Private Limited Company,Liquidation,United Kingdom,,16/06/2007,70100 - Activities of head offices,,,,http://business.data.gov.uk/id/company/01000561
Pinnacle Capital 39 LIMITED,01000562,,,64 Manor Way,,Liverpool,,United Kingdom,CF10 7RT,Private Limited Company,Active,United Kingdom,,13/03/2001,70100 - Activities of head offices,,,,http://business.data.gov.uk/id/company/01000562
Camberwell Trading LIMITED,01000563,,,25 Victoria Road,,Cardiff,,United Kingdom,WC2H 8BW,Private Limited Company,Active,United Kingdom,,03/08/2017,70100 - Activities of head offices,,,,http://business.data.gov.uk/id/company/01000563
Ironbridge Capital LLP,SC1000564,,,49 Mill Lane,,Bristol,,United Kingdom,L1 5UH,Private Limited Company,Dissolved,United Kingdom,,13/05/2001,64209 - Activities of other holding companies n.e.c.,,,,http://business.data.gov.uk/id/company/SC1000564
Ludgate Assets LTD,01000565,,,163 High Street,,London,,United Kingdom,G2 6LB,Private Limited Company,Dissolved,United Kingdom,,10/08/2021,47190 - Other retail sale in non-specialised stores,,,,http://business.data.gov.uk/id/company/01000565
Camberwell Trading LLP,01000566,,,197 Bridge Street,,London,,United Kingdom,SW1A 7FS,Private Limited Company,Active,United Kingdom,,16/12/1993,68209 - Other letting and operating of own or leased real estate,,,,http://business.data.gov.uk/id/company/01000566
Marlborough Management LTD,01000567,,,120 Bridge Street,,Manchester,,United Kingdom,L1 8YL,Private Limited Company,Active,United Kingdom,,19/03/2000,68209 - Other letting and operating of own or leased real estate,,,,http://business.data.gov.uk/id/company/01000567
Marlborough Group LLP,01000568,,,98 Station Road,,Manchester,,United Kingdom,SW1A 1HX,Private Limited Company,Active,United Kingdom,,06/12/2001,68209 - Other letting and operating of own or leased real estate,,,,http://business.data.gov.uk/id/company/01000568
Ravensworth Ventures 5 LLP,01000569,,,64 Park View,,Glasgow,,United Kingdom,BS1 9LN,Private Limited Company,Active,United Kingdom,,24/01/2022,82990 - Other business support service activities n.e.c.,,,,http://business.data.gov.uk/id/company/01000569
Northgate Ventures LLP,01000570,,,244 High Street,,Sheffield,,United Kingdom,S1 8NQ,Private Limited Company,Active,United Kingdom,,02/09/2009,70100 - Activities of head offices,,,,http://business.data.gov.uk/id/company/01000570
Pinnacle Properties 2 PLC,01000571,,,247 Church Lane,,Manchester,,United Kingdom,SW1A 4HH,Private Limited Company,Active,United Kingdom,,02/07/2022,70100 - Activities of head offices,,,,http://business.data.gov.uk/id/company/01000571
Redwood Investments LTD,01000572,,,151 High Street,,Sheffield,,United Kingdom,WC2H 8BL,Private Limited Company,Active,United Kingdom,,04/07/2006,82990 - Other business support service activities n.e.c.,,,,http://business.data.gov.uk/id/company/01000572
Ashcroft Capital 29 PLC,SC1000573,,,175 Victoria Road,,London,,United Kingdom,EC1V 1SB,Private Limited Company,Active,United Kingdom,,05/06/2011,47190 - Other retail sale in non-specialised stores,,,,http://business.data.gov.uk/id/company/SC1000573
Thornbury Partners PLC,01000574,,,17 High Street,,Birmingham,,United Kingdom,SW1A 8ZJ,Private Limited Company,Active,United Kingdom,,03/07/2024,82990 - Other business support service activities n.e.c.,,,,http://business.data.gov.uk/id/company/01000574
Eastbrook Resources LTD,01000575,,,222 Kings Avenue,,London,,United Kingdom,EH1 3WJ,Private Limited Company,Dissolved,United Kingdom,,25/04/2019,82990 - Other business support service activities n.e.c.,,,,http://business.data.gov.uk/id/company/01000575
Ashcroft Management LIMITED,01000576,,,1 Manor Way,,Leeds,,United Kingdom,N1 3UG,Private Limited Company,Active,United Kingdom,,14/09/2008,82990 - Other business support service activities n.e.c.,,,,http://business.data.gov.uk/id/company/01000576
Pinnacle Group LIMITED,01000577,,,178 Church Lane,,Bristol,,United Kingdom,CF10 5LE,Private Limited Company,Active,United Kingdom,,25/01/2016,82990 - Other business support service activities n.e.c.,,,,http://business.data.gov.uk/id/company/01000577
Ludgate Trading LTD,01000578,,,107 Queens Road,,Birmingham,,United Kingdom,SE1 9RQ,Private Limited Company,Active,United Kingdom,,27/11/2004,82990 - Other business support service activities n.e.c.,,,,http://business.data.gov.uk/id/company/01000578
Eastbrook Enterprises 17 LTD,01000579,,,180 High Street,,Liverpool,,United Kingdom,S1 1TB,Private Limited Company,Active,United Kingdom,,04/04/2018,68209 - Other letting and operating of own or leased real estate,,,,http://business.data.gov.uk/id/company/01000579
Ashcroft Management PLC,01000580,,,175 Station Road,,Sheffield,,United Kingdom,WC2H 3YG,Private Limited Company,Active,United Kingdom,,20/04/2007,68209 - Other letting and operating of own or leased real estate,,,,http://business.data.gov.uk/id/company/01000580
Blackwater Assets LLP,01000581,,,107 Kings Avenue,,Manchester,,United Kingdom,M1 5NE,Private Limited Company,Active,United Kingdom,,07/02/2022,64209 - Activities of other holding companies n.e.c.,,,,http://business.data.gov.uk/id/company/01000581
Aldgate Management 13 LIMITED,01000582,,,231 Bridge Street,,Cardiff,,United Kingdom,WC2H 4ZH,Private Limited Company,Active,United Kingdom,,02/03/2019,68209 - Other letting and operating of own or leased real estate,,,,http://business.data.gov.uk/id/company/01000582
Silverline Assets LIMITED,01000583,,,65 Manor Way,,Glasgow,,United Kingdom,S1 4BU,Private Limited Company,Dissolved,United Kingdom,,09/12/2021,82990 - Other business support service activities n.e.c.,,,,http://business.data.gov.uk/id/company/01000583
Northgate Holdings LIMITED,01000584,,,59 Manor Way,,Edinburgh,,United Kingdom,CF10 9XL,Private Limited Company,Active,United Kingdom,,26/08/2024,47190 - Other retail sale in non-specialised stores,,,,http://business.data.gov.uk/id/company/01000584
Northgate Partners PLC,01000585,,,134 Queens Road,,Liverpool,,United Kingdom,G2 9TZ,Private Limited Company,Active,United Kingdom,,13/10/2023,47190 - Other retail sale in non-specialised stores,,,,http://business.data.gov.uk/id/company/01000585
Beaconsfield Assets 2 PLC,01000586,,,56 Bridge Street,,Birmingham,,United Kingdom,SE1 2YT,Private Limited Company,Active,United Kingdom,,17/09/2013,82990 - Other business support service activities n.e.c.,,,,http://business.data.gov.uk/id/company/01000586
Thornbury Holdings 19 LLP,01000587,,,247 Mill Lane,,Bristol,,United Kingdom,S1 1HW,Private Limited Company,Active,United Kingdom,,15/10/1995,70100 - Activities of head offices,,,,http://business.data.gov.uk/id/company/01000587
Eastbrook Assets 30 PLC,01000588,,,36 High Street,,Sheffield,,United Kingdom,EH1 8RT,Private Limited Company,Active,United Kingdom,,14/07/2010,47190 - Other retail sale in non-specialised stores,,,,http://business.data.gov.uk/id/company/01000588
Fairhaven Assets LLP,SC1000589,,,66 Church Lane,,Edinburgh,,United Kingdom,EC1V 5YR,Private Limited Company,Active,United Kingdom,,24/09/1994,82990 - Other business support service activities n.e.c.,,,,http://business.data.gov.uk/id/company/SC1000589
Harbourview Management LLP,01000590,,,8 Kings Avenue,,Glasgow,,United Kingdom,L1 2NH,Private Limited Company,Active,United Kingdom,,22/07/2016,68209 - Other letting and operating of own or leased real estate,,,,http://business.data.gov.uk/id/company/01000590
Crestwood Enterprises 9 LLP,01000591,,,175 Kings Avenue,,Sheffield,,United Kingdom,L1 3YU,Private Limited Company,Active,United Kingdom,,04/02/1990,47190 - Other retail sale in non-specialised stores,,,,http://business.data.gov.uk/id/company/01000591
Northgate Trading LIMITED,01000592,,,142 Station Road,,Cardiff,,United Kingdom,W1D 7NB,Private Limited Company,Active,United Kingdom,,28/03/2016,68209 - Other letting and operating of own or leased real estate,,,,http://business.data.gov.uk/id/company/01000592
Fairhaven Investments PLC,01000593,,,149 Station Road,,Birmingham,,United Kingdom,SE1 9AP,Private Limited Company,Active,United Kingdom,,13/03/2017,47190 - Other retail sale in non-specialised stores,,,,http://business.data.gov.uk/id/company/01000593
Crestwood Assets PLC,01000594,,,30 Manor Way,,Edinburgh,,United Kingdom,S1 7PW,Private Limited Company,Dissolved,United Kingdom,,08/06/2004,64209 - Activities of other holding companies n.e.c.,,,,http://business.data.gov.uk/id/company/01000594
Aldgate Resources LTD,01000595,,,167 High Street,,Leeds,,United Kingdom,CF10 2HY,Private Limited Company,Active,United Kingdom,,25/09/2010,47190 - Other retail sale in non-specialised stores,,,,http://business.data.gov.uk/id/company/01000595
Fairhaven Ventures LIMITED,SC1000596,,,21 Bridge Street,,London,,United Kingdom,BS1 1QQ,Private Limited Company,Active,United Kingdom,,28/08/2009,70100 - Activities of head offices,,,,http://business.data.gov.uk/id/company/SC1000596
Silverline Ventures LIMITED,01000597,,,126 Church Lane,,Sheffield,,United Kingdom,S1 4GG,Private Limited Company,Dissolved,United Kingdom,,20/09/1993,70100 - Activities of head offices,,,,http://business.data.gov.uk/id/company/01000597
Beaconsfield Management LIMITED,01000598,,,207 Church Lane,,Manchester,,United Kingdom,EH1 4LU,Private Limited Company,Dissolved,United Kingdom,,17/06/2007,47190 - Other retail sale in non-specialised stores,,,,http://business.data.gov.uk/id/company/01000598
Thornbury Holdings 8 LTD,01000599,,,217 Bridge Street,,Edinburgh,,United Kingdom,CF10 1TR,Private Limited Company,Active,United Kingdom,,25/01/1990,70100 - Activities of head offices,,,,http://business.data.gov.uk/id/company/01000599
Longacre Trading LIMITED,SC1000600,,,1 Mill Lane,,Bristol,,United Kingdom,LS1 2PU,Private Limited Company,Liquidation,United Kingdom,,01/10/2003,70100 - Activities of head offices,,,,http://business.data.gov.uk/id/company/SC1000600
Camberwell Assets LIMITED,01000601,,,200 Queens Road,,Edinburgh,,United Kingdom,B3 6WG,Private Limited Company,Active,United Kingdom,,02/01/2011,82990 - Other business support service activities n.e.c.,,,,http://business.data.gov.uk/id/company/01000601
Whitehall Assets PLC,01000602,,,163 Church Lane,,Birmingham,,United Kingdom,S1 7TE,Private Limited Company,Active,United Kingdom,,05/07/1994,47190 - Other retail sale in non-specialised stores,,,,http://business.data.gov.uk/id/company/01000602
Northgate Enterprises LTD,01000603,,,182 Church Lane,,Sheffield,,United Kingdom,B3 5ZE,Private Limited Company,Active,United Kingdom,,15/05/2002,47190 - Other retail sale in non-specialised stores,,,,http://business.data.gov.uk/id/company/01000603
Beaconsfield Capital 15 LLP,SC1000604,,,50 Station Road,,Liverpool,,United Kingdom,L1 8GP,Private Limited Company,Active,United Kingdom,,11/08/2003,47190 - Other retail sale in non-specialised stores,,,,http://business.data.gov.uk/id/company/SC1000604
Sterling Ventures LTD,01000605,,,97 Park View,,Cardiff,,United Kingdom,EH1 3ES,Private Limited Company,Dissolved,United Kingdom,,20/12/1993,47190 - Other retail sale in non-specialised stores,,,,http://business.data.gov.uk/id/company/01000605
Longacre Investments 11 LTD,01000606,,,248 Park View,,Manchester,,United Kingdom,G2 5WF,Private Limited Company,Active,United Kingdom,,11/08/2024,64209 - Activities of other holding companies n.e.c.,,,,http://business.data.gov.uk/id/company/01000606
Ravensworth Investments LIMITED,01000607,,,164 Victoria Road,,Glasgow,,United Kingdom,M1 2AS,Private Limited Company,Active,United Kingdom,,23/09/2019,68209 - Other letting and operating of own or leased real estate,,,,http://business.data.gov.uk/id/company/01000607
Ironbridge Partners LTD,01000608,,,183 Manor Way,,Manchester,,United Kingdom,G2 7DE,Private Limited Company,Active,United Kingdom,,13/08/2014,68209 - Other letting and operating of own or leased real estate,,,,http://business.data.gov.uk/id/company/01000608
Thornbury Ventures LTD,01000609,,,174 Queens Road,,Edinburgh,,United Kingdom,SE1 6ZL,Private Limited Company,Active,United Kingdom,,10/04/1993,68209 - Other letting and operating of own or leased real estate,,,,http://business.data.gov.uk/id/company/01000609
Fairhaven Resources 17 LTD,01000610,,,117 Victoria Road,,Liverpool,,United Kingdom,N1 1QR,Private Limited Company,Active,United Kingdom,,05/08/1990,68209 - Other letting and operating of own or leased real estate,,,,http://business.data.gov.uk/id/company/01000610
Aldgate Ventures LIMITED,01000611,,,217 Kings Avenue,,Bristol,,United Kingdom,SW1A 9WT,Private Limited Company,Active,United Kingdom,,11/12/2001,70100 - Activities of head offices,,,,http://business.data.gov.uk/id/company/01000611
Marlborough Trading LIMITED,01000612,,,58 Manor Way,,Glasgow,,United Kingdom,S1 4HJ,Private Limited Company,Dissolved,United Kingdom,,09/11/2006,47190 - Other retail sale in non-specialised stores,,,,http://business.data.gov.uk/id/company/01000612
Redwood Group LLP,01000613,,,133 Bridge Street,,Edinburgh,,United Kingdom,B3 7DA,Private Limited Company,Active,United Kingdom,,19/12/2013,82990 - Other business support service activities n.e.c.,,,,http://business.data.gov.uk/id/company/01000613
Sterling Capital LIMITED,01000614,,,243 Queens Road,,Manchester,,United Kingdom,W1D 3SJ,Private Limited Company,Liquidation,United Kingdom,,10/09/2022,68209 - Other letting and operating of own or leased real estate,,,,http://business.data.gov.uk/id/company/01000614
Whitehall Group 26 LIMITED,01000615,,,165 Bridge Street,,Birmingham,,United Kingdom,M1 9WZ,Private Limited Company,Active,United Kingdom,,10/04/2015,82990 - Other business support service activities n.e.c.,,,,http://business.data.gov.uk/id/company/01000615
Ravensworth Properties PLC,01000616,,,121 Bridge Street,,Birmingham,,United Kingdom,G2 3DJ,Private Limited Company,Active,United Kingdom,,02/02/2020,64209 - Activities of other holding companies n.e.c.,,,,http://business.data.gov.uk/id/company/01000616
Eastbrook Partners LTD,01000617,,,78 Station Road,,Leeds,,United Kingdom,LS1 6YS,Private Limited Company,Active,United Kingdom,,12/10/2002,82990 - Other business support service activities n.e.c.,,,,http://business.data.gov.uk/id/company/01000617
Redwood Resources LLP,01000618,,,146 Kings Avenue,,Glasgow,,United Kingdom,B3 6PH,Private Limited Company,Dissolved,United Kingdom,,19/02/2009,68209 - Other letting and operating of own or leased real estate,,,,http://business.data.gov.uk/id/company/01000618
Harbourview Assets 12 LIMITED,01000619,,,57 Park View,,London,,United Kingdom,W1D 3QT,Private Limited Company,Liquidation,United Kingdom,,13/02/1993,82990 - Other business support service activities n.e.c.,,,,http://business.data.gov.uk/id/company/01000619
Harbourview Partners LIMITED,SC1000620,,,157 Church Lane,,Edinburgh,,United Kingdom,W1D 4ZP,Private Limited Company,Active,United Kingdom,,28/11/2001,82990 - Other business support service activities n.e.c.,,,,http://business.data.gov.uk/id/company/SC1000620
Longacre Management LTD,01000621,,,35 Queens Road,,Manchester,,United Kingdom,WC2H 9DS,Private Limited Company,Active,United Kingdom,,11/01/1990,68209 - Other letting and operating of own or leased real estate,,,,http://business.data.gov.uk/id/company/01000621
Crestwood Properties 30 LTD,01000622,,,207 Station Road,,Sheffield,,United Kingdom,M1 6PQ,Private Limited Company,Active,United Kingdom,,11/09/1996,68209 - Other letting and operating of own or leased real estate,,,,http://business.data.gov.uk/id/company/01000622
Blackwater Ventures PLC,01000623,,,160 Queens Road,,Glasgow,,United Kingdom,G2 7JS,Private Limited Company,Active,United Kingdom,,20/07/1995,70100 - Activities of head offices,,,,http://business.data.gov.uk/id/company/01000623
Marlborough Enterprises LLP,01000624,,,123 Church Lane,,Liverpool,,United Kingdom,LS1 2AP,Private Limited Company,Active,United Kingdom,,09/06/2008,64209 - Activities of other holding companies n.e.c.,,,,http://business.data.gov.uk/id/company/01000624
Beaconsfield Assets PLC,01000625,,,132 Mill Lane,,Liverpool,,United Kingdom,WC2H 3XU,Private Limited Company,Active,United Kingdom,,02/01/2021,82990 - Other business support service activities n.e.c.,,,,http://business.data.gov.uk/id/company/01000625
Ironbridge Assets 7 LIMITED,01000626,,,146 Station Road,,Glasgow,,United Kingdom,L1 4DE,Private Limited Company,Active,United Kingdom,,09/07/2012,82990 - Other business support service activities n.e.c.,,,,http://business.data.gov.uk/id/company/01000626
Eastbrook Investments LTD,01000627,,,12 Kings Avenue,,Edinburgh,,United Kingdom,L1 5UA,Private Limited Company,Active,United Kingdom,,18/06/2003,70100 - Activities of head offices,,,,http://business.data.gov.uk/id/company/01000627
Redwood Resources LTD,01000628,,,24 Queens Road,,Sheffield,,United Kingdom,B3 8PA,Private Limited Company,Active,United Kingdom,,18/01/2019,64209 - Activities of other holding companies n.e.c.,,,,http://business.data.gov.uk/id/company/01000628
Camberwell Capital LTD,01000629,,,3 Manor Way,,Manchester,,United Kingdom,WC2H 9DU,Private Limited Company,Dissolved,United Kingdom,,13/07/2018,47190 - Other retail sale in non-specialised stores,,,,http://business.data.gov.uk/id/company/01000629
Ironbridge Ventures LTD,01000630,,,144 Park View,,London,,United Kingdom,G2 4DE,Private Limited Company,Active,United Kingdom,,01/03/2019,82990 - Other business support service activities n.e.c.,,,,http://business.data.gov.uk/id/company/01000630
Sterling Holdings LTD,01000631,,,88 Park View,,Bristol,,United Kingdom,L1 1TP,Private Limited Company,Active,United Kingdom,,02/05/2007,47190 - Other retail sale in non-specialised stores,,,,http://business.data.gov.uk/id/company/01000631
Gatehouse Resources LLP,01000632,,,70 Manor Way,,Sheffield,,United Kingdom,M1 5TR,Private Limited Company,Active,United Kingdom,,01/08/2008,47190 - Other retail sale in non-specialised stores,,,,http://business.data.gov.uk/id/company/01000632
Northgate Trading PLC,01000633,,,64 Victoria Road,,Liverpool,,United Kingdom,M1 6FB,Private Limited Company,Active,United Kingdom,,21/05/2009,64209 - Activities of other holding companies n.e.c.,,,,http://business.data.gov.uk/id/company/01000633
Camberwell Resources LLP,01000634,,,221 Mill Lane,,Leeds,,United Kingdom,BS1 6BP,Private Limited Company,Active,United Kingdom,,23/10/2024,47190 - Other retail sale in non-specialised stores,,,,http://business.data.gov.uk/id/company/01000634
Meridian Enterprises LLP,01000635,,,10 Victoria Road,,Leeds,,United Kingdom,N1 9TE,Private Limited Company,Active,United Kingdom,,08/07/2000,68209 - Other letting and operating of own or leased real estate,,,,http://business.data.gov.uk/id/company/01000635
Beaconsfield Investments LLP,01000636,,,14 High Street,,Liverpool,,United Kingdom,M1 5HA,Private Limited Company,Dissolved,United Kingdom,,04/09/2008,68209 - Other letting and operating of own or leased real estate,,,,http://business.data.gov.uk/id/company/01000636
Crestwood Group LIMITED,01000637,,,223 Church Lane,,Birmingham,,United Kingdom,LS1 4SX,Private Limited Company,Active,United Kingdom,,27/01/2015,68209 - Other letting and operating of own or leased real estate,,,,http://business.data.gov.uk/id/company/01000637
Ashcroft Management LTD,01000638,,,184 Mill Lane,,Sheffield,,United Kingdom,G2 6JE,Private Limited Company,Active,United Kingdom,,28/02/1990,70100 - Activities of head offices,,,,http://business.data.gov.uk/id/company/01000638
Harbourview Enterprises PLC,01000639,,,178 Kings Avenue,,Leeds,,United Kingdom,SE1 9RA,Private Limited Company,Active,United Kingdom,,08/09/1990,64209 - Activities of other holding companies n.e.c.,,,,http://business.data.gov.uk/id/company/01000639
Ironbridge Group LLP,01000640,,,105 Victoria Road,,Birmingham,,United Kingdom,EC1V 1QF,Private Limited Company,Active,United Kingdom,,15/10/1996,68209 - Other letting and operating of own or leased real estate,,,,http://business.data.gov.uk/id/company/01000640
Camberwell Trading 26 LIMITED,01000641,,,56 Bridge Street,,Manchester,,United Kingdom,CF10 5ZJ,Private Limited Company,Active,United Kingdom,,08/04/2019,64209 - Activities of other holding companies n.e.c.,,,,http://business.data.gov.uk/id/company/01000641
Northgate Capital LTD,01000642,,,89 Park View,,Glasgow,,United Kingdom,EC1V 4NP,Private Limited Company,Active,United Kingdom,,07/06/2013,70100 - Activities of head offices,,,,http://business.data.gov.uk/id/company/01000642
Pinnacle Partners 33 PLC,01000643,,,246 Kings Avenue,,Bristol,,United Kingdom,L1 7UJ,Private Limited Company,Active,United Kingdom,,11/08/1992,64209 - Activities of other holding companies n.e.c.,,,,http://business.data.gov.uk/id/company/01000643
Meridian Group LIMITED,01000644,,,128 Park View,,Manchester,,United Kingdom,EH1 5SR,Private Limited Company,Active,United Kingdom,,14/01/2004,70100 - Activities of head offices,,,,http://business.data.gov.uk/id/company/01000644
Pinnacle Partners LIMITED,01000645,,,139 Kings Avenue,,Bristol,,United Kingdom,W1D 1JR,Private Limited Company,Active,United Kingdom,,21/03/1999,68209 - Other letting and operating of own or leased real estate,,,,http://business.data.gov.uk/id/company/01000645
Gatehouse Enterprises 14 LTD,SC1000646,,,32 High Street,,London,,United Kingdom,G2 8UH,Private Limited Company,Active,United Kingdom,,02/09/2010,68209 - Other letting and operating of own or leased real estate,,,,http://business.data.gov.uk/id/company/SC1000646
Blackwater Management LLP,01000647,,,119 High Street,,Edinburgh,,United Kingdom,B3 5AS,Private Limited Company,Active,United Kingdom,,09/08/2012,64209 - Activities of other holding companies n.e.c.,,,,http://business.data.gov.uk/id/company/01000647
Camberwell Resources LLP,01000648,,,111 Park View,,Liverpool,,United Kingdom,WC2H 1ND,Private Limited Company,Active,United Kingdom,,17/02/2024,47190 - Other retail sale in non-specialised stores,,,,http://business.data.gov.uk/id/company/01000648
Northgate Properties LIMITED,01000649,,,3 High Street,,Manchester,,United Kingdom,L1 4FQ,Private Limited Company,Active,United Kingdom,,14/11/2006,64209 - Activities of other holding companies n.e.c.,,,,http://business.data.gov.uk/id/company/01000649
Northgate Holdings LTD,01000650,,,212 Victoria Road,,Glasgow,,United Kingdom,S1 9JR,Private Limited Company,Active,United Kingdom,,03/02/2001,64209 - Activities of other holding companies n.e.c.,,,,http://business.data.gov.uk/id/company/01000650
Eastbrook Trading LIMITED,01000651,,,92 Mill Lane,,Bristol,,United Kingdom,N1 6PN,Private Limited Company,Active,United Kingdom,,23/04/1997,82990 - Other business support service activities n.e.c.,,,,http://business.data.gov.uk/id/company/01000651
Camberwell Investments PLC,SC1000652,,,244 Bridge Street,,Sheffield,,United Kingdom,BS1 4GD,Private Limited Company,Active,United Kingdom,,24/06/2000,47190 - Other retail sale in non-specialised stores,,,,http://business.data.gov.uk/id/company/SC1000652
Sterling Ventures PLC,01000653,,,103 High Street,,Edinburgh,,United Kingdom,LS1 1JB,Private Limited Company,Dissolved,United Kingdom,,07/03/2016,68209 - Other letting and operating of own or leased real estate,,,,http://business.data.gov.uk/id/company/01000653
Fairhaven Properties LIMITED,01000654,,,210 Station Road,,Leeds,,United Kingdom,W1D 3SY,Private Limited Company,Dissolved,United Kingdom,,14/02/1991,64209 - Activities of other holding companies n.e.c.,,,,http://business.data.gov.uk/id/company/01000654
Blackwater Enterprises 23 LLP,SC1000655,,,116 High Street,,Cardiff,,United Kingdom,G2 7TP,Private Limited Company,Active,United Kingdom,,27/03/2019,47190 - Other retail sale in non-specialised stores,,,,http://business.data.gov.uk/id/company/SC1000655
Camberwell Capital LTD,01000656,,,129 Manor Way,,Glasgow,,United Kingdom,BS1 6QQ,Private Limited Company,Active,United Kingdom,,03/08/2023,64209 - Activities of other holding companies n.e.c.,,,,http://business.data.gov.uk/id/company/01000656
Longacre Management PLC,01000657,,,173 Bridge Street,,Bristol,,United Kingdom,N1 8DN,Private Limited Company,Active,United Kingdom,,16/02/2016,68209 - Other letting and operating of own or leased real estate,,,,http://business.data.gov.uk/id/company/01000657
Aldgate Trading LIMITED,01000658,,,155 Victoria Road,,Bristol,,United Kingdom,SW1A 2HB,Private Limited Company,Active,United Kingdom,,06/11/2024,68209 - Other letting and operating of own or leased real estate,,,,http://business.data.gov.uk/id/company/01000658
Northgate Ventures LTD,01000659,,,76 Mill Lane,,Edinburgh,,United Kingdom,G2 9FU,Private Limited Company,Dissolved,United Kingdom,,25/11/1990,70100 - Activities of head offices,,,,http://business.data.gov.uk/id/company/01000659
Eastbrook Properties LIMITED,01000660,,,145 Station Road,,Birmingham,,United Kingdom,N1 1HZ,Private Limited Company,Active,United Kingdom,,06/12/1993,64209 - Activities of other holding companies n.e.c.,,,,http://business.data.gov.uk/id/company/01000660
Kingsway Properties 15 LIMITED,01000661,,,110 Queens Road,,Sheffield,,United Kingdom,W1D 1PY,Private Limited Company,Active,United Kingdom,,13/08/2016,64209 - Activities of other holding companies n.e.c.,,,,http://business.data.gov.uk/id/company/01000661
Kingsway Holdings PLC,01000662,,,220 Queens Road,,Cardiff,,United Kingdom,W1D 2AU,Private Limited Company,Active,United Kingdom,,04/05/2011,82990 - Other business support service activities n.e.c.,,,,http://business.data.gov.uk/id/company/01000662
Thornbury Properties LIMITED,01000663,,,19 Mill Lane,,Bristol,,United Kingdom,EC1V 8ZS,Private Limited Company,Active,United Kingdom,,14/07/1995,68209 - Other letting and operating of own or leased real estate,,,,http://business.data.gov.uk/id/company/01000663
Ludgate Enterprises 36 LLP,01000664,,,234 Victoria Road,,Bristol,,United Kingdom,SE1 8RR,Private Limited Company,Active,United Kingdom,,26/01/2021,64209 - Activities of other holding companies n.e.c.,,,,http://business.data.gov.uk/id/company/01000664
Longacre Trading LIMITED,01000665,,,231 Church Lane,,Cardiff,,United Kingdom,M1 4QX,Private Limited Company,Dissolved,United Kingdom,,17/06/2009,70100 - Activities of head offices,,,,http://business.data.gov.uk/id/company/01000665
Whitehall Assets PLC,01000666,,,113 High Street,,London,,United Kingdom,SE1 4BJ,Private Limited Company,Active,United Kingdom,,04/01/2003,82990 - Other business support service activities n.e.c.,,,,http://business.data.gov.uk/id/company/01000666
Thornbury Assets LLP,01000667,,,67 Mill Lane,,Birmingham,,United Kingdom,CF10 3DB,Private Limited Company,Active,United Kingdom,,03/12/1995,64209 - Activities of other holding companies n.e.c.,,,,http://business.data.gov.uk/id/company/01000667
Gatehouse Capital 26 LTD,01000668,,,90 High Street,,Bristol,,United Kingdom,CF10 4GF,Private Limited Company,Active,United Kingdom,,28/07/1993,82990 - Other business support service activities n.e.c.,,,,http://business.data.gov.uk/id/company/01000668
Blackwater Properties LLP,01000669,,,223 Kings Avenue,,Sheffield,,United Kingdom,CF10 4NJ,Private Limited Company,Active,United Kingdom,,18/05/2004,64209 - Activities of other holding companies n.e.c.,,,,http://business.data.gov.uk/id/company/01000669
Marlborough Ventures PLC,01000670,,,241 Park View,,Cardiff,,United Kingdom,BS1 9RJ,Private Limited Company,Active,United Kingdom,,05/12/2013,70100 - Activities of head offices,,,,http://business.data.gov.uk/id/company/01000670
Ludgate Ventures LTD,01000671,,,244 Kings Avenue,,London,,United Kingdom,BS1 1HL,Private Limited Company,Dissolved,United Kingdom,,10/08/2008,70100 - Activities of head offices,,,,http://business.data.gov.uk/id/company/01000671
Thornbury Resources LTD,01000672,,,11 Park View,,Glasgow,,United Kingdom,B3 5JQ,Private Limited Company,Liquidation,United Kingdom,,09/11/2017,47190 - Other retail sale in non-specialised stores,,,,http://business.data.gov.uk/id/company/01000672
Whitehall Ventures 18 LIMITED,01000673,,,88 Queens Road,,Sheffield,,United Kingdom,N1 5QH,Private Limited Company,Active,United Kingdom,,21/07/2015,70100 - Activities of head offices,,,,http://business.data.gov.uk/id/company/01000673
Ironbridge Ventures LIMITED,01000674,,,160 Church Lane,,Bristol,,United Kingdom,B3 8YX,Private Limited Company,Active,United Kingdom,,24/05/2001,68209 - Other letting and operating of own or leased real estate,,,,http://business.data.gov.uk/id/company/01000674
Beaconsfield Assets LIMITED,01000675,,,248 Mill Lane,,Bristol,,United Kingdom,EC1V 3JQ,Private Limited Company,Active,United Kingdom,,28/08/1990,70100 - Activities of head offices,,,,http://business.data.gov.uk/id/company/01000675
Crestwood Group LLP,01000676,,,27 Park View,,London,,United Kingdom,B3 3FZ,Private Limited Company,Active,United Kingdom,,17/08/1994,82990 - Other business support service activities n.e.c.,,,,http://business.data.gov.uk/id/company/01000676
Beaconsfield Investments 4 LLP,01000677,,,91 Manor Way,,Birmingham,,United Kingdom,WC2H 4ZA,Private Limited Company,Active,United Kingdom,,16/07/1993,64209 - Activities of other holding companies n.e.c.,,,,http://business.data.gov.uk/id/company/01000677
Aldgate Ventures LLP,01000678,,,160 Victoria Road,,Edinburgh,,United Kingdom,EH1 4XG,Private Limited Company,Active,United Kingdom,,04/10/2021,47190 - Other retail sale in non-specialised stores,,,,http://business.data.gov.uk/id/company/01000678
Northgate Trading LLP,01000679,,,37 Manor Way,,Cardiff,,United Kingdom,W1D 1GB,Private Limited Company,Active,United Kingdom,,02/05/2002,82990 - Other business support service activities n.e.c.,,,,http://business.data.gov.uk/id/company/01000679
Ravensworth Partners PLC,01000680,,,118 Station Road,,Sheffield,,United Kingdom,N1 5GX,Private Limited Company,Dissolved,United Kingdom,,24/11/2002,70100 - Activities of head offices,,,,http://business.data.gov.uk/id/company/01000680
Ludgate Partners LIMITED,01000681,,,206 Mill Lane,,Glasgow,,United Kingdom,EH1 3AU,Private Limited Company,Active,United Kingdom,,16/10/2009,68209 - Other letting and operating of own or leased real estate,,,,http://business.data.gov.uk/id/company/01000681
Northgate Enterprises LIMITED,01000682,,,155 Mill Lane,,Liverpool,,United Kingdom,S1 7QH,Private Limited Company,Active,United Kingdom,,13/12/1996,47190 - Other retail sale in non-specialised stores,,,,http://business.data.gov.uk/id/company/01000682
Camberwell Management PLC,SC1000683,,,44 Park View,,Edinburgh,,United Kingdom,LS1 2ZZ,Private Limited Company,Active,United Kingdom,,14/12/2014,68209 - Other letting and operating of own or leased real estate,,,,http://business.data.gov.uk/id/company/SC1000683
Blackwater Properties PLC,01000684,,,8 Kings Avenue,,Birmingham,,United Kingdom,W1D 4HR,Private Limited Company,Active,United Kingdom,,05/09/2010,64209 - Activities of other holding companies n.e.c.,,,,http://business.data.gov.uk/id/company/01000684
Fairhaven Partners LTD,01000685,,,57 Kings Avenue,,Sheffield,,United Kingdom,SW1A 4GY,Private Limited Company,Active,United Kingdom,,01/02/1993,70100 - Activities of head offices,,,,http://business.data.gov.uk/id/company/01000685
Harbourview Management PLC,01000686,,,62 Bridge Street,,Edinburgh,,United Kingdom,WC2H 8FT,Private Limited Company,Active,United Kingdom,,18/03/2014,68209 - Other letting and operating of own or leased real estate,,,,http://business.data.gov.uk/id/company/01000686
Marlborough Resources LIMITED,SC1000687,,,224 High Street,,Bristol,,United Kingdom,N1 4PW,Private Limited Company,Active,United Kingdom,,16/02/1999,68209 - Other letting and operating of own or leased real estate,,,,http://business.data.gov.uk/id/company/SC1000687
Kingsway Assets LIMITED,01000688,,,147 Victoria Road,,Edinburgh,,United Kingdom,W1D 4ST,Private Limited Company,Active,United Kingdom,,24/01/1997,47190 - Other retail sale in non-specialised stores,,,,http://business.data.gov.uk/id/company/01000688
Ravensworth Trading 30 PLC,01000689,,,187 Manor Way,,London,,United Kingdom,B3 7PG,Private Limited Company,Active,United Kingdom,,01/03/2020,47190 - Other retail sale in non-specialised stores,,,,http://business.data.gov.uk/id/company/01000689
Northgate Investments 24 PLC,01000690,,,102 Queens Road,,London,,United Kingdom,M1 4JS,Private Limited Company,Active,United Kingdom,,28/05/2021,82990 - Other business support service activities n.e.c.,,,,http://business.data.gov.uk/id/company/01000690
Aldgate Assets LTD,01000691,,,37 Church Lane,,Edinburgh,,United Kingdom,G2 8TG,Private Limited Company,Active,United Kingdom,,10/06/1990,82990 - Other business support service activities n.e.c.,,,,http://business.data.gov.uk/id/company/01000691
Redwood Management 18 LLP,01000692,,,97 Park View,,Manchester,,United Kingdom,M1 4SL,Private Limited Company,Active,United Kingdom,,28/07/2007,64209 - Activities of other holding companies n.e.c.,,,,http://business.data.gov.uk/id/company/01000692
Harbourview Enterprises PLC,01000693,,,14 Church Lane,,Cardiff,,United Kingdom,BS1 4XH,Private Limited Company,Active,United Kingdom,,06/10/2011,68209 - Other letting and operating of own or leased real estate,,,,http://business.data.gov.uk/id/company/01000693
Gatehouse Properties 12 LLP,01000694,,,183 Bridge Street,,Sheffield,,United Kingdom,G2 2EL,Private Limited Company,Active,United Kingdom,,04/10/2011,47190 - Other retail sale in non-specialised stores,,,,http://business.data.gov.uk/id/company/01000694
Ironbridge Resources PLC,01000695,,,162 Kings Avenue,,Liverpool,,United Kingdom,G2 9JE,Private Limited Company,Dissolved,United Kingdom,,15/10/1999,47190 - Other retail sale in non-specialised stores,,,,http://business.data.gov.uk/id/company/01000695
Northgate Assets LIMITED,01000696,,,60 Queens Road,,Cardiff,,United Kingdom,CF10 1SE,Private Limited Company,Active,United Kingdom,,25/06/2000,68209 - Other letting and operating of own or leased real estate,,,,http://business.data.gov.uk/id/company/01000696
Ashcroft Holdings 6 LTD,01000697,,,21 High Street,,Birmingham,,United Kingdom,EH1 1LT,Private Limited Company,Active,United Kingdom,,28/07/2003,64209 - Activities of other holding companies n.e.c.,,,,http://business.data.gov.uk/id/company/01000697
Thornbury Holdings 19 LLP,01000698,,,35 Bridge Street,,Glasgow,,United Kingdom,CF10 4EZ,Private Limited Company,Dissolved,United Kingdom,,23/01/2022,82990 - Other business support service activities n.e.c.,,,,http://business.data.gov.uk/id/company/01000698
Thornbury Properties 33 LTD,01000699,,,220 Manor Way,,Glasgow,,United Kingdom,BS1 6UF,Private Limited Company,Liquidation,United Kingdom,,03/01/2008,82990 - Other business support service activities n.e.c.,,,,http://business.data.gov.uk/id/company/01000699
Crestwood Capital PLC,01000700,,,162 High Street,,Liverpool,,United Kingdom,N1 4QN,Private Limited Company,Active,United Kingdom,,24/12/2015,64209 - Activities of other holding companies n.e.c.,,,,http://business.data.gov.uk/id/company/01000700
Northgate Resources LLP,SC1000701,,,115 High Street,,London,,United Kingdom,LS1 2ZY,Private Limited Company,Active,United Kingdom,,14/09/1992,82990 - Other business support service activities n.e.c.,,,,http://business.data.gov.uk/id/company/SC1000701
Meridian Ventures LTD,01000702,,,225 Station Road,,Edinburgh,,United Kingdom,L1 7NR,Private Limited Company,Liquidation,United Kingdom,,28/08/2012,82990 - Other business support service activities n.e.c.,,,,http://business.data.gov.uk/id/company/01000702
Sterling Ventures LIMITED,01000703,,,80 High Street,,London,,United Kingdom,WC2H 3EU,Private Limited Company,Active,United Kingdom,,06/08/1997,82990 - Other business support service activities n.e.c.,,,,http://business.data.gov.uk/id/company/01000703
Marlborough Investments LTD,01000704,,,198 Church Lane,,Cardiff,,United Kingdom,WC2H 9FX,Private Limited Company,Active,United Kingdom,,20/08/1994,68209 - Other letting and operating of own or leased real estate,,,,http://business.data.gov.uk/id/company/01000704
Ashcroft Assets LIMITED,01000705,,,86 Victoria Road,,Liverpool,,United Kingdom,B3 8ZZ,Private Limited Company,Active,United Kingdom,,04/04/2013,68209 - Other letting and operating of own or leased real estate,,,,http://business.data.gov.uk/id/company/01000705
Marlborough Ventures LIMITED,01000706,,,129 Mill Lane,,Birmingham,,United Kingdom,G2 1PW,Private Limited Company,Active,United Kingdom,,15/09/2016,82990 - Other business support service activities n.e.c.,,,,http://business.data.gov.uk/id/company/01000706
Harbourview Assets LLP,01000707,,,165 Bridge Street,,Glasgow,,United Kingdom,LS1 8EY,Private Limited Company,Active,United Kingdom,,04/05/2011,47190 - Other retail sale in non-specialised stores,,,,http://business.data.gov.uk/id/company/01000707
Gatehouse Assets PLC,01000708,,,173 Church Lane,,Birmingham,,United Kingdom,CF10 1HE,Private Limited Company,Active,United Kingdom,,14/11/1998,70100 - Activities of head offices,,,,http://business.data.gov.uk/id/company/01000708
Meridian Enterprises LIMITED,01000709,,,7 Queens Road,,Glasgow,,United Kingdom,L1 7LF,Private Limited Company,Active,United Kingdom,,20/03/2007,64209 - Activities of other holding companies n.e.c.,,,,http://business.data.gov.uk/id/company/01000709
Ashcroft Group LIMITED,01000710,,,85 Queens Road,,Glasgow,,United Kingdom,LS1 7XL,Private Limited Company,Dissolved,United Kingdom,,05/06/2012,68209 - Other letting and operating of own or leased real estate,,,,http://business.data.gov.uk/id/company/01000710
Meridian Investments LTD,01000711,,,85 Station Road,,Birmingham,,United Kingdom,B3 1ET,Private Limited Company,Active,United Kingdom,,05/10/2023,64209 - Activities of other holding companies n.e.c.,,,,http://business.data.gov.uk/id/company/01000711
Sterling Partners 9 LIMITED,01000712,,,110 Victoria Road,,Leeds,,United Kingdom,EH1 9AX,Private Limited Company,Active,United Kingdom,,27/03/2018,70100 - Activities of head offices,,,,http://business.data.gov.uk/id/company/01000712
Fairhaven Investments 6 LIMITED,01000713,,,51 Mill Lane,,Edinburgh,,United Kingdom,SE1 9FT,Private Limited Company,Active,United Kingdom,,23/03/2011,68209 - Other letting and operating of own or leased real estate,,,,http://business.data.gov.uk/id/company/01000713
Pinnacle Resources LIMITED,01000714,,,247 Church Lane,,Leeds,,United Kingdom,L1 7HZ,Private Limited Company,Active,United Kingdom,,28/05/2020,47190 - Other retail sale in non-specialised stores,,,,http://business.data.gov.uk/id/company/01000714
Thornbury Ventures LLP,01000715,,,80 Park View,,Bristol,,United Kingdom,EH1 8JB,Private Limited Company,Dissolved,United Kingdom,,28/07/2014,68209 - Other letting and operating of own or leased real estate,,,,http://business.data.gov.uk/id/company/01000715
Sterling Holdings PLC,01000716,,,18 High Street,,Leeds,,United Kingdom,EH1 6ZB,Private Limited Company,Active,United Kingdom,,02/06/2016,68209 - Other letting and operating of own or leased real estate,,,,http://business.data.gov.uk/id/company/01000716
Ludgate Assets LIMITED,SC1000717,,,126 Mill Lane,,Manchester,,United Kingdom,G2 2ER,Private Limited Company,Dissolved,United Kingdom,,17/10/2019,70100 - Activities of head offices,,,,http://business.data.gov.uk/id/company/SC1000717
Sterling Investments 16 LIMITED,01000718,,,145 High Street,,London,,United Kingdom,EH1 9GE,Private Limited Company,Active,United Kingdom,,02/09/2015,47190 - Other retail sale in non-specialised stores,,,,http://business.data.gov.uk/id/company/01000718
Beaconsfield Resources LIMITED,01000719,,,9 Manor Way,,Bristol,,United Kingdom,W1D 4XZ,Private Limited Company,Active,United Kingdom,,18/09/1999,68209 - Other letting and operating of own or leased real estate,,,,http://business.data.gov.uk/id/company/01000719
Thornbury Management LIMITED,01000720,,,188 Victoria Road,,Bristol,,United Kingdom,WC2H 4YL,Private Limited Company,Active,United Kingdom,,19/01/2003,47190 - Other retail sale in non-specialised stores,,,,http://business.data.gov.uk/id/company/01000720
Ravensworth Partners LIMITED,01000721,,,198 Victoria Road,,Glasgow,,United Kingdom,LS1 6YL,Private Limited Company,Active,United Kingdom,,28/07/1999,68209 - Other letting and operating of own or leased real estate,,,,http://business.data.gov.uk/id/company/01000721
Ludgate Holdings LIMITED,01000722,,,166 Victoria Road,,Manchester,,United Kingdom,N1 1UH,Private Limited Company,Active,United Kingdom,,05/12/2022,82990 - Other business support service activities n.e.c.,,,,http://business.data.gov.uk/id/company/01000722
Sterling Holdings 21 LIMITED,01000723,,,229 Mill Lane,,Cardiff,,United Kingdom,LS1 5WH,Private Limited Company,Active,United Kingdom,,09/06/2012,64209 - Activities of other holding companies n.e.c.,,,,http://business.data.gov.uk/id/company/01000723
Aldgate Properties LLP,01000724,,,237 Station Road,,Birmingham,,United Kingdom,EC1V 4UP,Private Limited Company,Active,United Kingdom,,27/09/2001,70100 - Activities of head offices,,,,http://business.data.gov.uk/id/company/01000724
Longacre Partners 31 PLC,01000725,,,14 Bridge Street,,Sheffield,,United Kingdom,CF10 8HW,Private Limited Company,Active,United Kingdom,,25/02/2023,47190 - Other retail sale in non-specialised stores,,,,http://business.data.gov.uk/id/company/01000725
Kingsway Resources PLC,01000726,,,167 Victoria Road,,London,,United Kingdom,L1 1LE,Private Limited Company,Active,United Kingdom,,12/07/1999,68209 - Other letting and operating of own or leased real estate,,,,http://business.data.gov.uk/id/company/01000726
Sterling Resources LIMITED,01000727,,,223 Station Road,,Glasgow,,United Kingdom,LS1 6PR,Private Limited Company,Active,United Kingdom,,02/02/2017,64209 - Activities of other holding companies n.e.c.,,,,http://business.data.gov.uk/id/company/01000727
Ludgate Management LTD,01000728,,,246 Manor Way,,Edinburgh,,United Kingdom,BS1 6QG,Private Limited Company,Active,United Kingdom,,03/07/2024,70100 - Activities of head offices,,,,http://business.data.gov.uk/id/company/01000728
Ashcroft Resources PLC,01000729,,,112 Manor Way,,London,,United Kingdom,G2 6GF,Private Limited Company,Active,United Kingdom,,23/01/2008,68209 - Other letting and operating of own or leased real estate,,,,http://business.data.gov.uk/id/company/01000729
Ravensworth Properties PLC,01000730,,,151 Park View,,Bristol,,United Kingdom,BS1 9FD,Private Limited Company,Active,United Kingdom,,19/01/2018,70100 - Activities of head offices,,,,http://business.data.gov.uk/id/company/01000730
Redwood Resources LIMITED,01000731,,,199 Bridge Street,,Birmingham,,United Kingdom,EC1V 1ZP,Private Limited Company,Active,United Kingdom,,09/06/1992,47190 - Other retail sale in non-specialised stores,,,,http://business.data.gov.uk/id/company/01000731
Aldgate Investments LTD,01000732,,,153 Queens Road,,Leeds,,United Kingdom,SW1A 3XE,Private Limited Company,Active,United Kingdom,,21/04/2019,82990 - Other business support service activities n.e.c.,,,,http://business.data.gov.uk/id/company/01000732
Pinnacle Ventures LTD,01000733,,,15 Mill Lane,,Manchester,,United Kingdom,CF10 9YQ,Private Limited Company,Active,United Kingdom,,11/10/2014,64209 - Activities of other holding companies n.e.c.,,,,http://business.data.gov.uk/id/company/01000733
Pinnacle Management LTD,01000734,,,76 Station Road,,Liverpool,,United Kingdom,EC1V 9ZF,Private Limited Company,Active,United Kingdom,,18/05/2019,82990 - Other business support service activities n.e.c.,,,,http://business.data.gov.uk/id/company/01000734
Crestwood Trading LIMITED,01000735,,,220 Bridge Street,,Edinburgh,,United Kingdom,G2 5FX,Private Limited Company,Active,United Kingdom,,26/05/2021,64209 - Activities of other holding companies n.e.c.,,,,http://business.data.gov.uk/id/company/01000735
Fairhaven Enterprises LLP,01000736,,,16 Park View,,Bristol,,United Kingdom,BS1 9UA,Private Limited Company,Active,United Kingdom,,22/02/1990,47190 - Other retail sale in non-specialised stores,,,,http://business.data.gov.uk/id/company/01000736
Camberwell Holdings LTD,01000737,,,217 Mill Lane,,Cardiff,,United Kingdom,EH1 9FR,Private Limited Company,Active,United Kingdom,,14/09/1998,68209 - Other letting and operating of own or leased real estate,,,,http://business.data.gov.uk/id/company/01000737
Aldgate Resources LIMITED,SC1000738,,,103 Victoria Road,,Liverpool,,United Kingdom,BS1 6XB,Private Limited Company,Active,United Kingdom,,26/10/1992,64209 - Activities of other holding companies n.e.c.,,,,http://business.data.gov.uk/id/company/SC1000738
Sterling Ventures LIMITED,01000739,,,112 Mill Lane,,Liverpool,,United Kingdom,SW1A 4LY,Private Limited Company,Active,United Kingdom,,23/12/2018,47190 - Other retail sale in non-specialised stores,,,,http://business.data.gov.uk/id/company/01000739
Ashcroft Partners 26 LIMITED,01000740,,,200 Mill Lane,,Birmingham,,United Kingdom,EH1 5TE,Private Limited Company,Active,United Kingdom,,03/12/2002,64209 - Activities of other holding companies n.e.c.,,,,http://business.data.gov.uk/id/company/01000740
Eastbrook Capital 7 PLC,01000741,,,76 Bridge Street,,Glasgow,,United Kingdom,W1D 7JU,Private Limited Company,Active,United Kingdom,,19/11/2011,47190 - Other retail sale in non-specialised stores,,,,http://business.data.gov.uk/id/company/01000741
Aldgate Properties LLP,01000742,,,26 Victoria Road,,Glasgow,,United Kingdom,B3 8DZ,Private Limited Company,Active,United Kingdom,,10/09/2009,70100 - Activities of head offices,,,,http://business.data.gov.uk/id/company/01000742
Sterling Investments PLC,01000743,,,202 Victoria Road,,London,,United Kingdom,B3 2ZZ,Private Limited Company,Active,United Kingdom,,22/08/2001,70100 - Activities of head offices,,,,http://business.data.gov.uk/id/company/01000743
Longacre Capital LLP,01000744,,,2 Manor Way,,Cardiff,,United Kingdom,B3 6RB,Private Limited Company,Active,United Kingdom,,11/12/2012,47190 - Other retail sale in non-specialised stores,,,,http://business.data.gov.uk/id/company/01000744
Ravensworth Assets LIMITED,01000745,,,169 Victoria Road,,Sheffield,,United Kingdom,EC1V 8RD,Private Limited Company,Active,United Kingdom,,20/12/1995,47190 - Other retail sale in non-specialised stores,,,,http://business.data.gov.uk/id/company/01000745
Blackwater Management LLP,01000746,,,80 Mill Lane,,Leeds,,United Kingdom,G2 2HE,Private Limited Company,Active,United Kingdom,,26/03/2009,68209 - Other letting and operating of own or leased real estate,,,,http://business.data.gov.uk/id/company/01000746
Longacre Group PLC,01000747,,,119 Queens Road,,Liverpool,,United Kingdom,W1D 4TU,Private Limited Company,Active,United Kingdom,,19/07/1996,68209 - Other letting and operating of own or leased real estate,,,,http://business.data.gov.uk/id/company/01000747
Ravensworth Partners LTD,SC1000748,,,111 Park View,,Glasgow,,United Kingdom,G2 6YN,Private Limited Company,Dissolved,United Kingdom,,12/11/2013,64209 - Activities of other holding companies n.e.c.,,,,http://business.data.gov.uk/id/company/SC1000748
Whitehall Trading LTD,01000749,,,169 Park View,,Glasgow,,United Kingdom,EC1V 3UP,Private Limited Company,Active,United Kingdom,,26/05/2011,68209 - Other letting and operating of own or leased real estate,,,,http://business.data.gov.uk/id/company/01000749
Sterling Capital LLP,01000750,,,49 Bridge Street,,Leeds,,United Kingdom,G2 4QY,Private Limited Company,Active,United Kingdom,,04/06/2014,68209 - Other letting and operating of own or leased real estate,,,,http://business.data.gov.uk/id/company/01000750
Redwood Investments LLP,01000751,,,123 Victoria Road,,Edinburgh,,United Kingdom,M1 7NB,Private Limited Company,Active,United Kingdom,,11/03/1996,64209 - Activities of other holding companies n.e.c.,,,,http://business.data.gov.uk/id/company/01000751
Camberwell Management LTD,01000752,,,68 Station Road,,Glasgow,,United Kingdom,EH1 9LN,Private Limited Company,Active,United Kingdom,,12/11/2002,64209 - Activities of other holding companies n.e.c.,,,,http://business.data.gov.uk/id/company/01000752
Ironbridge Investments LTD,01000753,,,134 Bridge Street,,Sheffield,,United Kingdom,CF10 8FL,Private Limited Company,Active,United Kingdom,,24/09/2004,68209 - Other letting and operating of own or leased real estate,,,,http://business.data.gov.uk/id/company/01000753
Kingsway Partners 8 LTD,01000754,,,63 Manor Way,,Birmingham,,United Kingdom,CF10 3GJ,Private Limited Company,Active,United Kingdom,,13/11/2007,64209 - Activities of other holding companies n.e.c.,,,,http://business.data.gov.uk/id/company/01000754
Gatehouse Assets PLC,01000755,,,162 Bridge Street,,Glasgow,,United Kingdom,W1D 3RG,Private Limited Company,Active,United Kingdom,,11/03/2020,70100 - Activities of head offices,,,,http://business.data.gov.uk/id/company/01000755
Harbourview Investments PLC,01000756,,,82 Queens Road,,Cardiff,,United Kingdom,W1D 6GX,Private Limited Company,Active,United Kingdom,,06/04/2023,70100 - Activities of head offices,,,,http://business.data.gov.uk/id/company/01000756
Harbourview Holdings LLP,01000757,,,157 Bridge Street,,Birmingham,,United Kingdom,M1 8SJ,Private Limited Company,Active,United Kingdom,,27/06/2022,70100 - Activities of head offices,,,,http://business.data.gov.uk/id/company/01000757
Gatehouse Capital PLC,01000758,,,159 Kings Avenue,,Cardiff,,United Kingdom,W1D 8FJ,Private Limited Company,Active,United Kingdom,,04/11/2020,64209 - Activities of other holding companies n.e.c.,,,,http://business.data.gov.uk/id/company/01000758
Camberwell Holdings 9 LIMITED,01000759,,,49 Mill Lane,,Edinburgh,,United Kingdom,SE1 8WG,Private Limited Company,Active,United Kingdom,,27/12/2008,82990 - Other business support service activities n.e.c.,,,,http://business.data.gov.uk/id/company/01000759
Northgate Properties LTD,01000760,,,18 High Street,,Liverpool,,United Kingdom,B3 4ZP,Private Limited Company,Active,United Kingdom,,09/03/2021,64209 - Activities of other holding companies n.e.c.,,,,http://business.data.gov.uk/id/company/01000760
Thornbury Partners LTD,SC1000761,,,146 Church Lane,,Edinburgh,,United Kingdom,SW1A 4GG,Private Limited Company,Active,United Kingdom,,11/02/2014,64209 - Activities of other holding companies n.e.c.,,,,http://business.data.gov.uk/id/company/SC1000761
Meridian Management 30 LIMITED,01000762,,,119 Kings Avenue,,Birmingham,,United Kingdom,G2 4BN,Private Limited Company,Active,United Kingdom,,01/11/1990,64209 - Activities of other holding companies n.e.c.,,,,http://business.data.gov.uk/id/company/01000762
Harbourview Properties 20 LLP,01000763,,,34 Park View,,Leeds,,United Kingdom,M1 9RP,Private Limited Company,Active,United Kingdom,,01/04/2022,68209 - Other letting and operating of own or leased real estate,,,,http://business.data.gov.uk/id/company/01000763
Longacre Trading PLC,01000764,,,162 Station Road,,London,,United Kingdom,B3 7SB,Private Limited Company,Active,United Kingdom,,26/04/1997,47190 - Other retail sale in non-specialised stores,,,,http://business.data.gov.uk/id/company/01000764
Whitehall Partners LTD,SC1000765,,,99 Park View,,Manchester,,United Kingdom,G2 9SU,Private Limited Company,Active,United Kingdom,,21/02/2020,68209 - Other letting and operating of own or leased real estate,,,,http://business.data.gov.uk/id/company/SC1000765
Sterling Investments LTD,01000766,,,64 Mill Lane,,Birmingham,,United Kingdom,M1 3NF,Private Limited Company,Active,United Kingdom,,20/12/2001,82990 - Other business support service activities n.e.c.,,,,http://business.data.gov.uk/id/company/01000766
Ludgate Capital LTD,01000767,,,185 Queens Road,,Liverpool,,United Kingdom,N1 9HB,Private Limited Company,Dissolved,United Kingdom,,05/03/2021,64209 - Activities of other holding companies n.e.c.,,,,http://business.data.gov.uk/id/company/01000767
Crestwood Trading PLC,01000768,,,93 Queens Road,,Sheffield,,United Kingdom,WC2H 1FY,Private Limited Company,Active,United Kingdom,,28/07/2016,70100 - Activities of head offices,,,,http://business.data.gov.uk/id/company/01000768
Thornbury Partners 31 LTD,01000769,,,18 High Street,,Leeds,,United Kingdom,LS1 1HG,Private Limited Company,Active,United Kingdom,,13/02/2005,68209 - Other letting and operating of own or leased real estate,,,,http://business.data.gov.uk/id/company/01000769
Ironbridge Properties LLP,01000770,,,28 Mill Lane,,Cardiff,,United Kingdom,SE1 7BT,Private Limited Company,Active,United Kingdom,,26/02/2012,64209 - Activities of other holding companies n.e.c.,,,,http://business.data.gov.uk/id/company/01000770
Ravensworth Enterprises LLP,01000771,,,106 Queens Road,,Sheffield,,United Kingdom,L1 8ND,Private Limited Company,Active,United Kingdom,,16/04/1994,68209 - Other letting and operating of own or leased real estate,,,,http://business.data.gov.uk/id/company/01000771
Meridian Resources LIMITED,01000772,,,16 Station Road,,Leeds,,United Kingdom,S1 7ZQ,Private Limited Company,Dissolved,United Kingdom,,27/05/2009,47190 - Other retail sale in non-specialised stores,,,,http://business.data.gov.uk/id/company/01000772
Gatehouse Properties LIMITED,01000773,,,47 Kings Avenue,,London,,United Kingdom,SW1A 5RP,Private Limited Company,Active,United Kingdom,,19/10/2006,68209 - Other letting and operating of own or leased real estate,,,,http://business.data.gov.uk/id/company/01000773
Ludgate Management PLC,01000774,,,232 High Street,,Sheffield,,United Kingdom,W1D 8EU,Private Limited Company,Active,United Kingdom,,18/01/2002,82990 - Other business support service activities n.e.c.,,,,http://business.data.gov.uk/id/company/01000774
Whitehall Enterprises PLC,01000775,,,250 Mill Lane,,Birmingham,,United Kingdom,G2 1UD,Private Limited Company,Active,United Kingdom,,02/03/2012,68209 - Other letting and operating of own or leased real estate,,,,http://business.data.gov.uk/id/company/01000775
Whitehall Investments LIMITED,01000776,,,88 Manor Way,,Glasgow,,United Kingdom,CF10 7DQ,Private Limited Company,Active,United Kingdom,,01/08/2018,64209 - Activities of other holding companies n.e.c.,,,,http://business.data.gov.uk/id/company/01000776
Silverline Ventures PLC,01000777,,,55 Kings Avenue,,Birmingham,,United Kingdom,EC1V 1LB,Private Limited Company,Active,United Kingdom,,18/03/2001,68209 - Other letting and operating of own or leased real estate,,,,http://business.data.gov.uk/id/company/01000777
Sterling Partners 35 LIMITED,01000778,,,180 High Street,,Edinburgh,,United Kingdom,EC1V 2PP,Private Limited Company,Active,United Kingdom,,21/06/2006,64209 - Activities of other holding companies n.e.c.,,,,http://business.data.gov.uk/id/company/01000778
Sterling Group LIMITED,01000779,,,47 Queens Road,,Cardiff,,United Kingdom,LS1 4XA,Private Limited Company,Active,United Kingdom,,20/12/2005,82990 - Other business support service activities n.e.c.,,,,http://business.data.gov.uk/id/company/01000779
Marlborough Partners PLC,01000780,,,195 Mill Lane,,Leeds,,United Kingdom,BS1 8RH,Private Limited Company,Dissolved,United Kingdom,,12/03/1994,68209 - Other letting and operating of own or leased real estate,,,,http://business.data.gov.uk/id/company/01000780
Camberwell Group 35 LLP,01000781,,,76 Queens Road,,Manchester,,United Kingdom,M1 7BN,Private Limited Company,Active,United Kingdom,,01/01/1996,68209 - Other letting and operating of own or leased real estate,,,,http://business.data.gov.uk/id/company/01000781
Fairhaven Enterprises PLC,01000782,,,184 Park View,,Glasgow,,United Kingdom,SE1 8GL,Private Limited Company,Active,United Kingdom,,02/02/2018,70100 - Activities of head offices,,,,http://business.data.gov.uk/id/company/01000782
Ashcroft Resources LIMITED,01000783,,,175 High Street,,Birmingham,,United Kingdom,L1 3JR,Private Limited Company,Active,United Kingdom,,04/01/1998,82990 - Other business support service activities n.e.c.,,,,http://business.data.gov.uk/id/company/01000783
Whitehall Properties PLC,01000784,,,85 Kings Avenue,,Cardiff,,United Kingdom,W1D 3SZ,Private Limited Company,Active,United Kingdom,,21/05/2008,82990 - Other business support service activities n.e.c.,,,,http://business.data.gov.uk/id/company/01000784
Harbourview Enterprises LIMITED,01000785,,,161 Church Lane,,Liverpool,,United Kingdom,LS1 3GL,Private Limited Company,Active,United Kingdom,,15/12/2007,82990 - Other business support service activities n.e.c.,,,,http://business.data.gov.uk/id/company/01000785
Blackwater Resources 17 PLC,01000786,,,72 Manor Way,,Edinburgh,,United Kingdom,WC2H 5LB,Private Limited Company,Active,United Kingdom,,10/06/2008,82990 - Other business support service activities n.e.c.,,,,http://business.data.gov.uk/id/company/01000786
Meridian Properties LTD,01000787,,,63 Park View,,Liverpool,,United Kingdom,S1 9BU,Private Limited Company,Active,United Kingdom,,22/03/2003,47190 - Other retail sale in non-specialised stores,,,,http://business.data.gov.uk/id/company/01000787
Longacre Group PLC,01000788,,,78 Manor Way,,London,,United Kingdom,BS1 3PD,Private Limited Company,Active,United Kingdom,,05/08/2012,68209 - Other letting and operating of own or leased real estate,,,,http://business.data.gov.uk/id/company/01000788
Aldgate Trading LTD,01000789,,,141 Queens Road,,Leeds,,United Kingdom,G2 2DL,Private Limited Company,Active,United Kingdom,,14/08/1993,47190 - Other retail sale in non-specialised stores,,,,http://business.data.gov.uk/id/company/01000789
Marlborough Partners 24 LIMITED,01000790,,,9 Victoria Road,,Birmingham,,United Kingdom,M1 6AG,Private Limited Company,Active,United Kingdom,,28/11/2013,68209 - Other letting and operating of own or leased real estate,,,,http://business.data.gov.uk/id/company/01000790
Harbourview Enterprises PLC,01000791,,,67 Station Road,,London,,United Kingdom,L1 5GT,Private Limited Company,Active,United Kingdom,,26/11/2008,64209 - Activities of other holding companies n.e.c.,,,,http://business.data.gov.uk/id/company/01000791
Longacre Group LIMITED,01000792,,,74 Church Lane,,London,,United Kingdom,S1 2FJ,Private Limited Company,Active,United Kingdom,,25/01/2015,47190 - Other retail sale in non-specialised stores,,,,http://business.data.gov.uk/id/company/01000792
Gatehouse Trading LIMITED,01000793,,,24 Mill Lane,,Leeds,,United Kingdom,EH1 6DG,Private Limited Company,Active,United Kingdom,,13/07/2013,68209 - Other letting and operating of own or leased real estate,,,,http://business.data.gov.uk/id/company/01000793
Pinnacle Resources PLC,01000794,,,102 Victoria Road,,London,,United Kingdom,EC1V 1QH,Private Limited Company,Liquidation,United Kingdom,,05/04/1993,64209 - Activities of other holding companies n.e.c.,,,,http://business.data.gov.uk/id/company/01000794
Harbourview Investments PLC,01000795,,,162 High Street,,Glasgow,,United Kingdom,EC1V 3XL,Private Limited Company,Active,United Kingdom,,23/11/1994,68209 - Other letting and operating of own or leased real estate,,,,http://business.data.gov.uk/id/company/01000795
Eastbrook Properties LTD,01000796,,,105 High Street,,Liverpool,,United Kingdom,WC2H 4AE,Private Limited Company,Active,United Kingdom,,26/02/2021,64209 - Activities of other holding companies n.e.c.,,,,http://business.data.gov.uk/id/company/01000796
Blackwater Trading LTD,01000797,,,54 Park View,,Liverpool,,United Kingdom,M1 3JX,Private Limited Company,Active,United Kingdom,,10/01/1991,68209 - Other letting and operating of own or leased real estate,,,,http://business.data.gov.uk/id/company/01000797
Fairhaven Ventures PLC,01000798,,,169 Church Lane,,London,,United Kingdom,EC1V 9AQ,Private Limited Company,Active,United Kingdom,,21/09/2016,64209 - Activities of other holding companies n.e.c.,,,,http://business.data.gov.uk/id/company/01000798
Ludgate Partners LTD,01000799,,,165 Victoria Road,,Manchester,,United Kingdom,BS1 2PX,Private Limited Company,Active,United Kingdom,,28/10/2020,64209 - Activities of other holding companies n.e.c.,,,,http://business.data.gov.uk/id/company/01000799
Thornbury Properties 36 LTD,01000800,,,157 Queens Road,,Leeds,,United Kingdom,W1D 1NL,Private Limited Company,Active,United Kingdom,,14/03/1997,70100 - Activities of head offices,,,,http://business.data.gov.uk/id/company/01000800
Blackwater Group LLP,01000801,,,80 High Street,,Edinburgh,,United Kingdom,SW1A 7FS,Private Limited Company,Active,United Kingdom,,02/03/1996,70100 - Activities of head offices,,,,http://business.data.gov.uk/id/company/01000801
Ironbridge Properties LLP,01000802,,,81 Park View,,Birmingham,,United Kingdom,WC2H 1YD,Private Limited Company,Active,United Kingdom,,23/10/2009,47190 - Other retail sale in non-specialised stores,,,,http://business.data.gov.uk/id/company/01000802
Harbourview Ventures 9 LTD,01000803,,,230 Victoria Road,,London,,United Kingdom,SW1A 9GU,Private Limited Company,Active,United Kingdom,,10/05/1997,64209 - Activities of other holding companies n.e.c.,,,,http://business.data.gov.uk/id/company/01000803
Silverline Resources LIMITED,01000804,,,132 Manor Way,,Liverpool,,United Kingdom,WC2H 6YW,Private Limited Company,Liquidation,United Kingdom,,21/01/2022,82990 - Other business support service activities n.e.c.,,,,http://business.data.gov.uk/id/company/01000804
Eastbrook Capital LTD,01000805,,,191 Queens Road,,Glasgow,,United Kingdom,B3 7YB,Private Limited Company,Active,United Kingdom,,17/11/2016,68209 - Other letting and operating of own or leased real estate,,,,http://business.data.gov.uk/id/company/01000805
Thornbury Capital LLP,01000806,,,28 Kings Avenue,,Liverpool,,United Kingdom,EH1 2TE,Private Limited Company,Active,United Kingdom,,06/05/2012,68209 - Other letting and operating of own or leased real estate,,,,http://business.data.gov.uk/id/company/01000806
Silverline Resources 6 LLP,01000807,,,14 Park View,,London,,United Kingdom,S1 9QR,Private Limited Company,Active,United Kingdom,,26/07/2011,82990 - Other business support service activities n.e.c.,,,,http://business.data.gov.uk/id/company/01000807
Pinnacle Investments PLC,01000808,,,1 Manor Way,,Bristol,,United Kingdom,M1 5TT,Private Limited Company,Active,United Kingdom,,18/02/1993,64209 - Activities of other holding companies n.e.c.,,,,http://business.data.gov.uk/id/company/01000808
Whitehall Holdings LLP,01000809,,,106 Manor Way,,Edinburgh,,United Kingdom,SW1A 8BR,Private Limited Company,Active,United Kingdom,,18/11/1998,82990 - Other business support service activities n.e.c.,,,,http://business.data.gov.uk/id/company/01000809
Kingsway Ventures 13 LTD,01000810,,,176 Kings Avenue,,Edinburgh,,United Kingdom,EH1 1AB,Private Limited Company,Active,United Kingdom,,06/07/1990,47190 - Other retail sale in non-specialised stores,,,,http://business.data.gov.uk/id/company/01000810
Silverline Holdings 28 LLP,01000811,,,92 Church Lane,,London,,United Kingdom,N1 3TR,Private Limited Company,Active,United Kingdom,,03/06/1997,70100 - Activities of head offices,,,,http://business.data.gov.uk/id/company/01000811
Fairhaven Investments LTD,01000812,,,169 High Street,,Birmingham,,United Kingdom,EC1V 4HL,Private Limited Company,Active,United Kingdom,,15/03/2001,47190 - Other retail sale in non-specialised stores,,,,http://business.data.gov.uk/id/company/01000812
Eastbrook Management LIMITED,01000813,,,198 Church Lane,,Manchester,,United Kingdom,L1 5UT,Private Limited Company,Active,United Kingdom,,14/05/2009,64209 - Activities of other holding companies n.e.c.,,,,http://business.data.gov.uk/id/company/01000813
Redwood Capital 4 LLP,01000814,,,234 Queens Road,,Sheffield,,United Kingdom,G2 7BB,Private Limited Company,Active,United Kingdom,,14/02/2024,70100 - Activities of head offices,,,,http://business.data.gov.uk/id/company/01000814
Meridian Investments LIMITED,01000815,,,157 Park View,,Glasgow,,United Kingdom,M1 7WF,Private Limited Company,Active,United Kingdom,,26/07/1998,68209 - Other letting and operating of own or leased real estate,,,,http://business.data.gov.uk/id/company/01000815
Gatehouse Assets LTD,01000816,,,62 Mill Lane,,Liverpool,,United Kingdom,WC2H 3YD,Private Limited Company,Active,United Kingdom,,24/11/2009,70100 - Activities of head offices,,,,http://business.data.gov.uk/id/company/01000816
Blackwater Properties LTD,01000817,,,242 Queens Road,,Edinburgh,,United Kingdom,CF10 1QB,Private Limited Company,Active,United Kingdom,,22/07/1990,64209 - Activities of other holding companies n.e.c.,,,,http://business.data.gov.uk/id/company/01000817
Ironbridge Partners PLC,01000818,,,4 Victoria Road,,Sheffield,,United Kingdom,LS1 4GL,Private Limited Company,Active,United Kingdom,,19/11/2003,64209 - Activities of other holding companies n.e.c.,,,,http://business.data.gov.uk/id/company/01000818
Kingsway Capital LIMITED,01000819,,,168 Mill Lane,,London,,United Kingdom,W1D 8FT,Private Limited Company,Active,United Kingdom,,19/04/1998,82990 - Other business support service activities n.e.c.,,,,http://business.data.gov.uk/id/company/01000819
Longacre Trading LIMITED,01000820,,,115 Mill Lane,,Cardiff,,United Kingdom,EC1V 5YY,Private Limited Company,Active,United Kingdom,,27/09/1994,82990 - Other business support service activities n.e.c.,,,,http://business.data.gov.uk/id/company/01000820
Camberwell Trading PLC,01000821,,,9 Church Lane,,London,,United Kingdom,BS1 7NH,Private Limited Company,Active,United Kingdom,,26/05/1991,82990 - Other business support service activities n.e.c.,,,,http://business.data.gov.uk/id/company/01000821
Marlborough Resources LIMITED,SC1000822,,,176 Church Lane,,Leeds,,United Kingdom,G2 8LP,Private Limited Company,Active,United Kingdom,,15/09/2017,70100 - Activities of head offices,,,,http://business.data.gov.uk/id/company/SC1000822
Beaconsfield Investments LLP,01000823,,,19 Mill Lane,,Glasgow,,United Kingdom,S1 8XG,Private Limited Company,Active,United Kingdom,,06/10/2002,68209 - Other letting and operating of own or leased real estate,,,,http://business.data.gov.uk/id/company/01000823
Fairhaven Properties LLP,01000824,,,194 Park View,,Bristol,,United Kingdom,BS1 7WN,Private Limited Company,Dissolved,United Kingdom,,05/12/2019,47190 - Other retail sale in non-specialised stores,,,,http://business.data.gov.uk/id/company/01000824
Pinnacle Enterprises LTD,01000825,,,181 Queens Road,,Sheffield,,United Kingdom,G2 1BZ,Private Limited Company,Active,United Kingdom,,11/04/2024,64209 - Activities of other holding companies n.e.c.,,,,http://business.data.gov.uk/id/company/01000825
Whitehall Enterprises LTD,01000826,,,150 High Street,,Birmingham,,United Kingdom,CF10 1YX,Private Limited Company,Active,United Kingdom,,18/03/2009,47190 - Other retail sale in non-specialised stores,,,,http://business.data.gov.uk/id/company/01000826
Beaconsfield Properties LLP,01000827,,,105 Park View,,Leeds,,United Kingdom,EH1 3WJ,Private Limited Company,Active,United Kingdom,,22/07/2001,70100 - Activities of head offices,,,,http://business.data.gov.uk/id/company/01000827
Gatehouse Resources PLC,01000828,,,34 Bridge Street,,London,,United Kingdom,EC1V 8FS,Private Limited Company,Dissolved,United Kingdom,,07/10/2017,68209 - Other letting and operating of own or leased real estate,,,,http://business.data.gov.uk/id/company/01000828
Northgate Enterprises LTD,01000829,,,165 High Street,,Birmingham,,United Kingdom,B3 5JA,Private Limited Company,Active,United Kingdom,,26/07/2008,64209 - Activities of other holding companies n.e.c.,,,,http://business.data.gov.uk/id/company/01000829
Longacre Enterprises LLP,01000830,,,103 High Street,,Sheffield,,United Kingdom,SE1 6XX,Private Limited Company,Active,United Kingdom,,21/09/2006,47190 - Other retail sale in non-specialised stores,,,,http://business.data.gov.uk/id/company/01000830
Sterling Management LIMITED,01000831,,,38 Mill Lane,,Manchester,,United Kingdom,CF10 3WY,Private Limited Company,Active,United Kingdom,,03/05/2015,82990 - Other business support service activities n.e.c.,,,,http://business.data.gov.uk/id/company/01000831
Beaconsfield Group 29 LTD,01000832,,,24 Mill Lane,,Edinburgh,,United Kingdom,M1 6WL,Private Limited Company,Active,United Kingdom,,15/03/2019,68209 - Other letting and operating of own or leased real estate,,,,http://business.data.gov.uk/id/company/01000832
Northgate Properties PLC,01000833,,,7 Bridge Street,,Manchester,,United Kingdom,SE1 3UZ,Private Limited Company,Active,United Kingdom,,10/01/2006,70100 - Activities of head offices,,,,http://business.data.gov.uk/id/company/01000833
Ashcroft Enterprises LLP,01000834,,,61 Kings Avenue,,Glasgow,,United Kingdom,N1 3BD,Private Limited Company,Dissolved,United Kingdom,,12/12/2015,70100 - Activities of head offices,,,,http://business.data.gov.uk/id/company/01000834
Silverline Resources 13 LIMITED,01000835,,,193 Station Road,,Leeds,,United Kingdom,LS1 1GL,Private Limited Company,Active,United Kingdom,,03/02/2020,82990 - Other business support service activities n.e.c.,,,,http://business.data.gov.uk/id/company/01000835
Camberwell Management PLC,01000836,,,101 Queens Road,,Manchester,,United Kingdom,EH1 2GL,Private Limited Company,Active,United Kingdom,,01/06/2018,70100 - Activities of head offices,,,,http://business.data.gov.uk/id/company/01000836
Ravensworth Trading LLP,01000837,,,78 Kings Avenue,,Manchester,,United Kingdom,M1 3HP,Private Limited Company,Active,United Kingdom,,09/08/2018,82990 - Other business support service activities n.e.c.,,,,http://business.data.gov.uk/id/company/01000837
Ashcroft Group 40 LIMITED,SC1000838,,,184 High Street,,Leeds,,United Kingdom,SW1A 9NH,Private Limited Company,Active,United Kingdom,,21/12/2001,64209 - Activities of other holding companies n.e.c.,,,,http://business.data.gov.uk/id/company/SC1000838
Sterling Enterprises LIMITED,01000839,,,125 High Street,,Leeds,,United Kingdom,EH1 1SQ,Private Limited Company,Active,United Kingdom,,13/08/2020,68209 - Other letting and operating of own or leased real estate,,,,http://business.data.gov.uk/id/company/01000839
Redwood Partners LIMITED,01000840,,,97 Queens Road,,Cardiff,,United Kingdom,SW1A 8UG,Private Limited Company,Active,United Kingdom,,03/08/2012,70100 - Activities of head offices,,,,http://business.data.gov.uk/id/company/01000840
Ashcroft Capital LIMITED,01000841,,,179 Church Lane,,Leeds,,United Kingdom,G2 2JT,Private Limited Company,Dissolved,United Kingdom,,11/09/1990,82990 - Other business support service activities n.e.c.,,,,http://business.data.gov.uk/id/company/01000841
Sterling Properties LTD,01000842,,,29 Station Road,,Bristol,,United Kingdom,N1 4AQ,Private Limited Company,Active,United Kingdom,,16/11/1999,70100 - Activities of head offices,,,,http://business.data.gov.uk/id/company/01000842
Eastbrook Investments 37 LLP,01000843,,,56 Station Road,,Birmingham,,United Kingdom,EC1V 9RQ,Private Limited Company,Active,United Kingdom,,28/11/2000,68209 - Other letting and operating of own or leased real estate,,,,http://business.data.gov.uk/id/company/01000843
Beaconsfield Group LIMITED,01000844,,,162 Church Lane,,Manchester,,United Kingdom,W1D 3EN,Private Limited Company,Active,United Kingdom,,13/11/1995,70100 - Activities of head offices,,,,http://business.data.gov.uk/id/company/01000844
Beaconsfield Investments LIMITED,01000845,,,43 Victoria Road,,Manchester,,United Kingdom,M1 9YQ,Private Limited Company,Active,United Kingdom,,14/04/2004,68209 - Other letting and operating of own or leased real estate,,,,http://business.data.gov.uk/id/company/01000845
Ashcroft Management 2 LLP,01000846,,,67 Station Road,,Bristol,,United Kingdom,CF10 6ED,Private Limited Company,Active,United Kingdom,,09/06/2022,64209 - Activities of other holding companies n.e.c.,,,,http://business.data.gov.uk/id/company/01000846
Ludgate Investments LIMITED,01000847,,,81 Queens Road,,Edinburgh,,United Kingdom,W1D 5EY,Private Limited Company,Active,United Kingdom,,06/09/1995,64209 - Activities of other holding companies n.e.c.,,,,http://business.data.gov.uk/id/company/01000847
Sterling Investments LLP,SC1000848,,,130 Mill Lane,,Liverpool,,United Kingdom,LS1 1AT,Private Limited Company,Active,United Kingdom,,19/03/2024,47190 - Other retail sale in non-specialised stores,,,,http://business.data.gov.uk/id/company/SC1000848
Camberwell Resources LIMITED,01000849,,,198 Kings Avenue,,Liverpool,,United Kingdom,SE1 6PD,Private Limited Company,Dissolved,United Kingdom,,25/09/2023,68209 - Other letting and operating of own or leased real estate,,,,http://business.data.gov.uk/id/company/01000849
Crestwood Enterprises LLP,01000850,,,178 Victoria Road,,Cardiff,,United Kingdom,SE1 9WN,Private Limited Company,Active,United Kingdom,,13/11/2017,47190 - Other retail sale in non-specialised stores,,,,http://business.data.gov.uk/id/company/01000850
Camberwell Partners LTD,01000851,,,71 Queens Road,,Leeds,,United Kingdom,SE1 8SU,Private Limited Company,Active,United Kingdom,,22/07/2019,70100 - Activities of head offices,,,,http://business.data.gov.uk/id/company/01000851
Gatehouse Enterprises LTD,01000852,,,121 Kings Avenue,,Cardiff,,United Kingdom,WC2H 7SS,Private Limited Company,Active,United Kingdom,,08/06/2001,47190 - Other retail sale in non-specialised stores,,,,http://business.data.gov.uk/id/company/01000852
Redwood Ventures 17 PLC,01000853,,,159 Kings Avenue,,Bristol,,United Kingdom,BS1 6ZA,Private Limited Company,Active,United Kingdom,,09/06/2003,64209 - Activities of other holding companies n.e.c.,,,,http://business.data.gov.uk/id/company/01000853
Kingsway Group LTD,01000854,,,140 Mill Lane,,Leeds,,United Kingdom,L1 8EQ,Private Limited Company,Active,United Kingdom,,07/04/2022,47190 - Other retail sale in non-specialised stores,,,,http://business.data.gov.uk/id/company/01000854
Blackwater Partners PLC,01000855,,,183 Kings Avenue,,Edinburgh,,United Kingdom,EH1 9RS,Private Limited Company,Active,United Kingdom,,28/05/1992,64209 - Activities of other holding companies n.e.c.,,,,http://business.data.gov.uk/id/company/01000855
Sterling Enterprises LLP,01000856,,,66 Mill Lane,,Glasgow,,United Kingdom,G2 3PQ,Private Limited Company,Active,United Kingdom,,09/03/2017,47190 - Other retail sale in non-specialised stores,,,,http://business.data.gov.uk/id/company/01000856
Kingsway Partners PLC,01000857,,,161 Park View,,Cardiff,,United Kingdom,LS1 2XL,Private Limited Company,Active,United Kingdom,,28/03/2006,68209 - Other letting and operating of own or leased real estate,,,,http://business.data.gov.uk/id/company/01000857
Longacre Assets LTD,01000858,,,80 Church Lane,,Edinburgh,,United Kingdom,EH1 7RH,Private Limited Company,Active,United Kingdom,,12/02/1998,47190 - Other retail sale in non-specialised stores,,,,http://business.data.gov.uk/id/company/01000858
Redwood Resources 12 LLP,01000859,,,243 Church Lane,,Sheffield,,United Kingdom,N1 5XX,Private Limited Company,Active,United Kingdom,,14/02/1996,47190 - Other retail sale in non-specialised stores,,,,http://business.data.gov.uk/id/company/01000859
Ravensworth Management LTD,01000860,,,147 Queens Road,,Cardiff,,United Kingdom,W1D 6SD,Private Limited Company,Active,United Kingdom,,21/02/2009,47190 - Other retail sale in non-specialised stores,,,,http://business.data.gov.uk/id/company/01000860
Harbourview Group LLP,01000861,,,148 Queens Road,,Liverpool,,United Kingdom,S1 2FR,Private Limited Company,Dissolved,United Kingdom,,01/07/2011,82990 - Other business support service activities n.e.c.,,,,http://business.data.gov.uk/id/company/01000861
Ashcroft Partners LTD,01000862,,,179 Victoria Road,,Leeds,,United Kingdom,L1 9RR,Private Limited Company,Dissolved,United Kingdom,,09/12/2014,47190 - Other retail sale in non-specialised stores,,,,http://business.data.gov.uk/id/company/01000862
Kingsway Capital PLC,01000863,,,99 Manor Way,,Birmingham,,United Kingdom,SE1 9DN,Private Limited Company,Active,United Kingdom,,06/03/1997,47190 - Other retail sale in non-specialised stores,,,,http://business.data.gov.uk/id/company/01000863
Sterling Resources LTD,SC1000864,,,138 Mill Lane,,Manchester,,United Kingdom,SE1 6GX,Private Limited Company,Active,United Kingdom,,03/01/1990,68209 - Other letting and operating of own or leased real estate,,,,http://business.data.gov.uk/id/company/SC1000864
Longacre Resources PLC,01000865,,,48 Kings Avenue,,London,,United Kingdom,WC2H 3PD,Private Limited Company,Active,United Kingdom,,05/07/2020,68209 - Other letting and operating of own or leased real estate,,,,http://business.data.gov.uk/id/company/01000865
Sterling Partners PLC,01000866,,,226 Park View,,Liverpool,,United Kingdom,W1D 2BQ,Private Limited Company,Active,United Kingdom,,12/02/2012,64209 - Activities of other holding companies n.e.c.,,,,http://business.data.gov.uk/id/company/01000866
Marlborough Properties LTD,01000867,,,113 Mill Lane,,Cardiff,,United Kingdom,SW1A 4RB,Private Limited Company,Active,United Kingdom,,01/10/1996,68209 - Other letting and operating of own or leased real estate,,,,http://business.data.gov.uk/id/company/01000867
Thornbury Assets PLC,01000868,,,27 Station Road,,Birmingham,,United Kingdom,G2 4WF,Private Limited Company,Active,United Kingdom,,10/12/2002,47190 - Other retail sale in non-specialised stores,,,,http://business.data.gov.uk/id/company/01000868
Pinnacle Enterprises LLP,01000869,,,118 Queens Road,,Manchester,,United Kingdom,L1 6HU,Private Limited Company,Dissolved,United Kingdom,,02/05/2023,70100 - Activities of head offices,,,,http://business.data.gov.uk/id/company/01000869
Kingsway Enterprises PLC,01000870,,,205 Victoria Road,,Bristol,,United Kingdom,CF10 3RA,Private Limited Company,Active,United Kingdom,,26/02/2008,47190 - Other retail sale in non-specialised stores,,,,http://business.data.gov.uk/id/company/01000870
Beaconsfield Holdings LLP,01000871,,,81 High Street,,Glasgow,,United Kingdom,SE1 9TG,Private Limited Company,Active,United Kingdom,,04/02/1990,68209 - Other letting and operating of own or leased real estate,,,,http://business.data.gov.uk/id/company/01000871
Crestwood Holdings 29 PLC,01000872,,,169 Queens Road,,Birmingham,,United Kingdom,B3 8YT,Private Limited Company,Active,United Kingdom,,27/04/2017,68209 - Other letting and operating of own or leased real estate,,,,http://business.data.gov.uk/id/company/01000872
Harbourview Holdings LTD,01000873,,,194 Mill Lane,,Glasgow,,United Kingdom,W1D 3SQ,Private Limited Company,Active,United Kingdom,,14/06/2015,68209 - Other letting and operating of own or leased real estate,,,,http://business.data.gov.uk/id/company/01000873
Whitehall Trading PLC,01000874,,,188 Park View,,Edinburgh,,United Kingdom,BS1 8FZ,Private Limited Company,Active,United Kingdom,,02/02/2012,47190 - Other retail sale in non-specialised stores,,,,http://business.data.gov.uk/id/company/01000874
Crestwood Resources LIMITED,01000875,,,88 Station Road,,Sheffield,,United Kingdom,BS1 2LP,Private Limited Company,Active,United Kingdom,,10/12/2008,64209 - Activities of other holding companies n.e.c.,,,,http://business.data.gov.uk/id/company/01000875
Redwood Assets LTD,01000876,,,92 Park View,,Leeds,,United Kingdom,EC1V 4SL,Private Limited Company,Active,United Kingdom,,06/11/2024,47190 - Other retail sale in non-specialised stores,,,,http://business.data.gov.uk/id/company/01000876
Thornbury Trading 29 PLC,SC1000877,,,241 Victoria Road,,Leeds,,United Kingdom,B3 7XA,Private Limited Company,Active,United Kingdom,,02/05/2005,82990 - Other business support service activities n.e.c.,,,,http://business.data.gov.uk/id/company/SC1000877
Sterling Ventures 4 LLP,01000878,,,191 Queens Road,,Bristol,,United Kingdom,EH1 6EX,Private Limited Company,Dissolved,United Kingdom,,02/05/2020,82990 - Other business support service activities n.e.c.,,,,http://business.data.gov.uk/id/company/01000878
Thornbury Management PLC,01000879,,,86 Bridge Street,,Birmingham,,United Kingdom,WC2H 5BW,Private Limited Company,Active,United Kingdom,,13/07/2008,68209 - Other letting and operating of own or leased real estate,,,,http://business.data.gov.uk/id/company/01000879
Aldgate Trading PLC,01000880,,,111 Station Road,,Glasgow,,United Kingdom,EH1 8SL,Private Limited Company,Liquidation,United Kingdom,,02/05/2018,64209 - Activities of other holding companies n.e.c.,,,,http://business.data.gov.uk/id/company/01000880
Camberwell Ventures LIMITED,01000881,,,214 Park View,,London,,United Kingdom,WC2H 8JG,Private Limited Company,Active,United Kingdom,,06/02/2017,68209 - Other letting and operating of own or leased real estate,,,,http://business.data.gov.uk/id/company/01000881
Whitehall Holdings 35 LTD,01000882,,,113 Station Road,,Cardiff,,United Kingdom,SE1 1NE,Private Limited Company,Active,United Kingdom,,08/04/2014,47190 - Other retail sale in non-specialised stores,,,,http://business.data.gov.uk/id/company/01000882
Sterling Ventures LTD,01000883,,,151 Park View,,Liverpool,,United Kingdom,G2 5YP,Private Limited Company,Dissolved,United Kingdom,,09/06/1996,47190 - Other retail sale in non-specialised stores,,,,http://business.data.gov.uk/id/company/01000883
Aldgate Resources LIMITED,01000884,,,17 Church Lane,,Manchester,,United Kingdom,S1 9SP,Private Limited Company,Active,United Kingdom,,25/11/2012,68209 - Other letting and operating of own or leased real estate,,,,http://business.data.gov.uk/id/company/01000884
Longacre Holdings LIMITED,01000885,,,206 Victoria Road,,Sheffield,,United Kingdom,W1D 7WE,Private Limited Company,Active,United Kingdom,,17/09/2003,82990 - Other business support service activities n.e.c.,,,,http://business.data.gov.uk/id/company/01000885
Kingsway Holdings LIMITED,01000886,,,15 Victoria Road,,Sheffield,,United Kingdom,WC2H 2DD,Private Limited Company,Active,United Kingdom,,08/10/2018,47190 - Other retail sale in non-specialised stores,,,,http://business.data.gov.uk/id/company/01000886
Gatehouse Holdings LLP,01000887,,,214 Mill Lane,,Leeds,,United Kingdom,S1 1WA,Private Limited Company,Dissolved,United Kingdom,,15/10/2005,47190 - Other retail sale in non-specialised stores,,,,http://business.data.gov.uk/id/company/01000887
Ironbridge Properties LTD,01000888,,,193 Queens Road,,Liverpool,,United Kingdom,CF10 5QY,Private Limited Company,Active,United Kingdom,,22/09/2002,82990 - Other business support service activities n.e.c.,,,,http://business.data.gov.uk/id/company/01000888
Ironbridge Trading LLP,01000889,,,165 Bridge Street,,Edinburgh,,United Kingdom,SE1 2PS,Private Limited Company,Active,United Kingdom,,07/03/2008,64209 - Activities of other holding companies n.e.c.,,,,http://business.data.gov.uk/id/company/01000889
Ludgate Properties PLC,01000890,,,121 High Street,,Liverpool,,United Kingdom,G2 3BD,Private Limited Company,Active,United Kingdom,,13/01/2011,68209 - Other letting and operating of own or leased real estate,,,,http://business.data.gov.uk/id/company/01000890
Silverline Holdings LIMITED,01000891,,,156 Victoria Road,,Edinburgh,,United Kingdom,SW1A 9FZ,Private Limited Company,Active,United Kingdom,,04/07/2011,68209 - Other letting and operating of own or leased real estate,,,,http://business.data.gov.uk/id/company/01000891
Marlborough Capital LIMITED,01000892,,,16 High Street,,London,,United Kingdom,EC1V 5UE,Private Limited Company,Active,United Kingdom,,07/05/1996,47190 - Other retail sale in non-specialised stores,,,,http://business.data.gov.uk/id/company/01000892
Ashcroft Group LTD,01000893,,,246 Victoria Road,,London,,United Kingdom,SE1 4QG,Private Limited Company,Active,United Kingdom,,02/12/2007,70100 - Activities of head offices,,,,http://business.data.gov.uk/id/company/01000893
Northgate Holdings 23 LTD,01000894,,,48 Bridge Street,,Cardiff,,United Kingdom,M1 5JD,Private Limited Company,Active,United Kingdom,,06/09/2020,70100 - Activities of head offices,,,,http://business.data.gov.uk/id/company/01000894
Blackwater Investments LIMITED,01000895,,,17 High Street,,Bristol,,United Kingdom,M1 4UR,Private Limited Company,Active,United Kingdom,,14/03/2003,64209 - Activities of other holding companies n.e.c.,,,,http://business.data.gov.uk/id/company/01000895
Kingsway Holdings 16 LIMITED,01000896,,,10 Station Road,,London,,United Kingdom,M1 9XZ,Private Limited Company,Active,United Kingdom,,16/04/2021,68209 - Other letting and operating of own or leased real estate,,,,http://business.data.gov.uk/id/company/01000896
Longacre Enterprises LIMITED,01000897,,,248 Manor Way,,Leeds,,United Kingdom,B3 9LZ,Private Limited Company,Active,United Kingdom,,28/04/2007,64209 - Activities of other holding companies n.e.c.,,,,http://business.data.gov.uk/id/company/01000897
Blackwater Management PLC,01000898,,,101 Victoria Road,,Cardiff,,United Kingdom,BS1 2UP,Private Limited Company,Active,United Kingdom,,18/10/2000,68209 - Other letting and operating of own or leased real estate,,,,http://business.data.gov.uk/id/company/01000898
Redwood Enterprises LTD,01000899,,,22 High Street,,Edinburgh,,United Kingdom,L1 9JH,Private Limited Company,Active,United Kingdom,,13/06/2003,82990 - Other business support service activities n.e.c.,,,,http://business.data.gov.uk/id/company/01000899
Redwood Investments LTD,01000900,,,100 Victoria Road,,Leeds,,United Kingdom,BS1 5EZ,Private Limited Company,Dissolved,United Kingdom,,02/01/1996,82990 - Other business support service activities n.e.c.,,,,http://business.data.gov.uk/id/company/01000900
Whitehall Assets LIMITED,01000901,,,238 Queens Road,,London,,United Kingdom,M1 8NQ,Private Limited Company,Dissolved,United Kingdom,,27/05/1992,82990 - Other business support service activities n.e.c.,,,,http://business.data.gov.uk/id/company/01000901
Gatehouse Partners PLC,01000902,,,6 High Street,,London,,United Kingdom,SE1 9RY,Private Limited Company,Active,United Kingdom,,06/03/1996,68209 - Other letting and operating of own or leased real estate,,,,http://business.data.gov.uk/id/company/01000902
Blackwater Properties LTD,01000903,,,23 Kings Avenue,,Cardiff,,United Kingdom,WC2H 9AT,Private Limited Company,Dissolved,United Kingdom,,09/02/2019,64209 - Activities of other holding companies n.e.c.,,,,http://business.data.gov.uk/id/company/01000903
Whitehall Holdings 4 LLP,01000904,,,213 High Street,,Sheffield,,United Kingdom,M1 2SX,Private Limited Company,Dissolved,United Kingdom,,27/10/1998,68209 - Other letting and operating of own or leased real estate,,,,http://business.data.gov.uk/id/company/01000904
Silverline Assets LIMITED,01000905,,,193 Station Road,,London,,United Kingdom,SW1A 5RW,Private Limited Company,Active,United Kingdom,,10/04/2023,64209 - Activities of other holding companies n.e.c.,,,,http://business.data.gov.uk/id/company/01000905
Beaconsfield Partners 24 LLP,01000906,,,9 High Street,,Cardiff,,United Kingdom,M1 9AP,Private Limited Company,Active,United Kingdom,,02/06/1991,68209 - Other letting and operating of own or leased real estate,,,,http://business.data.gov.uk/id/company/01000906
Aldgate Group 36 LIMITED,01000907,,,140 Victoria Road,,Birmingham,,United Kingdom,L1 2QP,Private Limited Company,Active,United Kingdom,,12/07/2010,70100 - Activities of head offices,,,,http://business.data.gov.uk/id/company/01000907
Aldgate Assets LTD,01000908,,,202 Kings Avenue,,Leeds,,United Kingdom,WC2H 8SN,Private Limited Company,Active,United Kingdom,,22/01/2008,70100 - Activities of head offices,,,,http://business.data.gov.uk/id/company/01000908
Ashcroft Group 4 LIMITED,01000909,,,235 Queens Road,,Cardiff,,United Kingdom,N1 5US,Private Limited Company,Active,United Kingdom,,24/06/1999,70100 - Activities of head offices,,,,http://business.data.gov.uk/id/company/01000909
Eastbrook Enterprises LTD,01000910,,,110 Station Road,,Manchester,,United Kingdom,M1 8RY,Private Limited Company,Active,United Kingdom,,05/04/2016,82990 - Other business support service activities n.e.c.,,,,http://business.data.gov.uk/id/company/01000910
Gatehouse Assets LTD,SC1000911,,,38 Bridge Street,,Sheffield,,United Kingdom,EH1 1TJ,Private Limited Company,Active,United Kingdom,,26/06/2020,64209 - Activities of other holding companies n.e.c.,,,,http://business.data.gov.uk/id/company/SC1000911
Longacre Resources LLP,01000912,,,66 Manor Way,,London,,United Kingdom,N1 8YL,Private Limited Company,Active,United Kingdom,,21/08/2010,82990 - Other business support service activities n.e.c.,,,,http://business.data.gov.uk/id/company/01000912
Marlborough Enterprises 13 LIMITED,01000913,,,231 Park View,,Sheffield,,United Kingdom,LS1 8NZ,Private Limited Company,Active,United Kingdom,,09/08/2016,47190 - Other retail sale in non-specialised stores,,,,http://business.data.gov.uk/id/company/01000913
Blackwater Ventures LTD,01000914,,,34 Kings Avenue,,Cardiff,,United Kingdom,M1 6NU,Private Limited Company,Active,United Kingdom,,22/11/1996,70100 - Activities of head offices,,,,http://business.data.gov.uk/id/company/01000914
Ironbridge Ventures LIMITED,01000915,,,104 High Street,,Sheffield,,United Kingdom,SW1A 2NP,Private Limited Company,Active,United Kingdom,,02/07/2021,68209 - Other letting and operating of own or leased real estate,,,,http://business.data.gov.uk/id/company/01000915
Crestwood Management 3 PLC,01000916,,,210 Bridge Street,,Liverpool,,United Kingdom,B3 2XP,Private Limited Company,Active,United Kingdom,,04/04/1992,68209 - Other letting and operating of own or leased real estate,,,,http://business.data.gov.uk/id/company/01000916
Meridian Partners PLC,01000917,,,187 High Street,,Bristol,,United Kingdom,G2 3UU,Private Limited Company,Active,United Kingdom,,18/02/2020,64209 - Activities of other holding companies n.e.c.,,,,http://business.data.gov.uk/id/company/01000917
Blackwater Resources LIMITED,01000918,,,206 Kings Avenue,,Edinburgh,,United Kingdom,B3 9EY,Private Limited Company,Liquidation,United Kingdom,,09/07/2017,47190 - Other retail sale in non-specialised stores,,,,http://business.data.gov.uk/id/company/01000918
Pinnacle Capital LIMITED,01000919,,,168 Queens Road,,Liverpool,,United Kingdom,LS1 3AZ,Private Limited Company,Active,United Kingdom,,27/04/2021,68209 - Other letting and operating of own or leased real estate,,,,http://business.data.gov.uk/id/company/01000919
Ironbridge Group LIMITED,01000920,,,22 Station Road,,Manchester,,United Kingdom,EH1 2YR,Private Limited Company,Dissolved,United Kingdom,,17/03/2020,82990 - Other business support service activities n.e.c.,,,,http://business.data.gov.uk/id/company/01000920
Meridian Group 15 LIMITED,01000921,,,160 Mill Lane,,Bristol,,United Kingdom,N1 8PN,Private Limited Company,Active,United Kingdom,,12/09/2008,47190 - Other retail sale in non-specialised stores,,,,http://business.data.gov.uk/id/company/01000921
Crestwood Investments PLC,01000922,,,222 Manor Way,,Glasgow,,United Kingdom,M1 7WZ,Private Limited Company,Active,United Kingdom,,26/06/1999,68209 - Other letting and operating of own or leased real estate,,,,http://business.data.gov.uk/id/company/01000922
Blackwater Ventures LIMITED,01000923,,,117 Kings Avenue,,Glasgow,,United Kingdom,BS1 3YD,Private Limited Company,Dissolved,United Kingdom,,10/01/2019,70100 - Activities of head offices,,,,http://business.data.gov.uk/id/company/01000923
Meridian Trading PLC,01000924,,,93 Queens Road,,Cardiff,,United Kingdom,G2 6DA,Private Limited Company,Active,United Kingdom,,23/12/2018,47190 - Other retail sale in non-specialised stores,,,,http://business.data.gov.uk/id/company/01000924
Eastbrook Trading LTD,01000925,,,79 Bridge Street,,Cardiff,,United Kingdom,G2 2XG,Private Limited Company,Active,United Kingdom,,01/03/1999,64209 - Activities of other holding companies n.e.c.,,,,http://business.data.gov.uk/id/company/01000925
Ravensworth Management LIMITED,01000926,,,212 Victoria Road,,Glasgow,,United Kingdom,SW1A 4BY,Private Limited Company,Active,United Kingdom,,25/07/2016,82990 - Other business support service activities n.e.c.,,,,http://business.data.gov.uk/id/company/01000926
Silverline Holdings 39 LIMITED,SC1000927,,,55 Church Lane,,Liverpool,,United Kingdom,LS1 1DE,Private Limited Company,Active,United Kingdom,,28/03/2013,70100 - Activities of head offices,,,,http://business.data.gov.uk/id/company/SC1000927
Longacre Resources LLP,SC1000928,,,100 High Street,,Cardiff,,United Kingdom,CF10 4UH,Private Limited Company,Active,United Kingdom,,28/08/1998,70100 - Activities of head offices,,,,http://business.data.gov.uk/id/company/SC1000928
Harbourview Capital PLC,01000929,,,62 Victoria Road,,Liverpool,,United Kingdom,CF10 6PH,Private Limited Company,Active,United Kingdom,,27/04/2006,70100 - Activities of head offices,,,,http://business.data.gov.uk/id/company/01000929
Silverline Management LTD,01000930,,,193 Queens Road,,Liverpool,,United Kingdom,S1 6JY,Private Limited Company,Active,United Kingdom,,12/12/1994,70100 - Activities of head offices,,,,http://business.data.gov.uk/id/company/01000930
Thornbury Trading LLP,01000931,,,55 Park View,,Liverpool,,United Kingdom,BS1 2HA,Private Limited Company,Active,United Kingdom,,20/11/2022,68209 - Other letting and operating of own or leased real estate,,,,http://business.data.gov.uk/id/company/01000931
Fairhaven Resources PLC,01000932,,,185 Manor Way,,Cardiff,,United Kingdom,EH1 6XJ,Private Limited Company,Active,United Kingdom,,11/07/2020,82990 - Other business support service activities n.e.c.,,,,http://business.data.gov.uk/id/company/01000932
Northgate Investments LTD,01000933,,,27 Victoria Road,,Cardiff,,United Kingdom,BS1 2LN,Private Limited Company,Active,United Kingdom,,09/11/1994,82990 - Other business support service activities n.e.c.,,,,http://business.data.gov.uk/id/company/01000933
Crestwood Resources LTD,01000934,,,87 Mill Lane,,Glasgow,,United Kingdom,N1 9WQ,Private Limited Company,Dissolved,United Kingdom,,23/11/1996,70100 - Activities of head offices,,,,http://business.data.gov.uk/id/company/01000934
Marlborough Partners PLC,01000935,,,205 Manor Way,,Cardiff,,United Kingdom,BS1 2HR,Private Limited Company,Active,United Kingdom,,25/09/2005,70100 - Activities of head offices,,,,http://business.data.gov.uk/id/company/01000935
Longacre Partners LTD,01000936,,,212 Bridge Street,,Cardiff,,United Kingdom,LS1 5LH,Private Limited Company,Active,United Kingdom,,03/12/2013,68209 - Other letting and operating of own or leased real estate,,,,http://business.data.gov.uk/id/company/01000936
Fairhaven Management 32 LLP,SC1000937,,,74 Park View,,Edinburgh,,United Kingdom,B3 4RZ,Private Limited Company,Active,United Kingdom,,07/12/1995,82990 - Other business support service activities n.e.c.,,,,http://business.data.gov.uk/id/company/SC1000937
Marlborough Investments LTD,01000938,,,141 Manor Way,,Sheffield,,United Kingdom,CF10 4HP,Private Limited Company,Active,United Kingdom,,05/12/2019,68209 - Other letting and operating of own or leased real estate,,,,http://business.data.gov.uk/id/company/01000938
Camberwell Properties LTD,SC1000939,,,75 Bridge Street,,Edinburgh,,United Kingdom,EC1V 5DR,Private Limited Company,Active,United Kingdom,,16/02/1991,82990 - Other business support service activities n.e.c.,,,,http://business.data.gov.uk/id/company/SC1000939
Eastbrook Assets 35 LTD,01000940,,,244 Manor Way,,Cardiff,,United Kingdom,S1 5ZU,Private Limited Company,Active,United Kingdom,,20/10/2019,47190 - Other retail sale in non-specialised stores,,,,http://business.data.gov.uk/id/company/01000940
Gatehouse Partners PLC,SC1000941,,,60 Station Road,,Bristol,,United Kingdom,BS1 9JY,Private Limited Company,Active,United Kingdom,,02/03/1990,82990 - Other business support service activities n.e.c.,,,,http://business.data.gov.uk/id/company/SC1000941
Gatehouse Investments LLP,01000942,,,17 High Street,,Liverpool,,United Kingdom,G2 5UN,Private Limited Company,Active,United Kingdom,,28/02/2023,64209 - Activities of other holding companies n.e.c.,,,,http://business.data.gov.uk/id/company/01000942
Longacre Enterprises PLC,01000943,,,194 High Street,,Edinburgh,,United Kingdom,S1 6HG,Private Limited Company,Active,United Kingdom,,20/01/2019,68209 - Other letting and operating of own or leased real estate,,,,http://business.data.gov.uk/id/company/01000943
Beaconsfield Properties LTD,01000944,,,205 Bridge Street,,London,,United Kingdom,M1 8YP,Private Limited Company,Active,United Kingdom,,05/10/2008,68209 - Other letting and operating of own or leased real estate,,,,http://business.data.gov.uk/id/company/01000944
Aldgate Trading LTD,01000945,,,228 Manor Way,,Glasgow,,United Kingdom,M1 8DJ,Private Limited Company,Active,United Kingdom,,06/05/2014,47190 - Other retail sale in non-specialised stores,,,,http://business.data.gov.uk/id/company/01000945
Ashcroft Resources LLP,01000946,,,245 Station Road,,Glasgow,,United Kingdom,WC2H 7SN,Private Limited Company,Active,United Kingdom,,27/11/2019,82990 - Other business support service activities n.e.c.,,,,http://business.data.gov.uk/id/company/01000946
Aldgate Ventures LTD,01000947,,,78 Bridge Street,,Birmingham,,United Kingdom,L1 2PX,Private Limited Company,Active,United Kingdom,,25/10/1997,70100 - Activities of head offices,,,,http://business.data.gov.uk/id/company/01000947
Longacre Capital 40 LIMITED,01000948,,,172 Mill Lane,,Cardiff,,United Kingdom,SW1A 8FF,Private Limited Company,Dissolved,United Kingdom,,25/03/2011,82990 - Other business support service activities n.e.c.,,,,http://business.data.gov.uk/id/company/01000948
Fairhaven Resources 30 LTD,01000949,,,59 High Street,,London,,United Kingdom,G2 4ET,Private Limited Company,Active,United Kingdom,,12/12/2016,47190 - Other retail sale in non-specialised stores,,,,http://business.data.gov.uk/id/company/01000949
Redwood Partners LIMITED,01000950,,,167 Victoria Road,,Leeds,,United Kingdom,EC1V 7EY,Private Limited Company,Active,United Kingdom,,22/05/1995,47190 - Other retail sale in non-specialised stores,,,,http://business.data.gov.uk/id/company/01000950
Kingsway Partners PLC,01000951,,,176 Park View,,Bristol,,United Kingdom,BS1 5PE,Private Limited Company,Dissolved,United Kingdom,,08/10/1995,68209 - Other letting and operating of own or leased real estate,,,,http://business.data.gov.uk/id/company/01000951
Ironbridge Enterprises LLP,01000952,,,9 Queens Road,,Edinburgh,,United Kingdom,S1 6QJ,Private Limited Company,Active,United Kingdom,,01/06/1992,68209 - Other letting and operating of own or leased real estate,,,,http://business.data.gov.uk/id/company/01000952
Ashcroft Partners LIMITED,01000953,,,156 Victoria Road,,London,,United Kingdom,CF10 6AD,Private Limited Company,Active,United Kingdom,,07/12/2014,70100 - Activities of head offices,,,,http://business.data.gov.uk/id/company/01000953
Pinnacle Trading LIMITED,01000954,,,38 Victoria Road,,Sheffield,,United Kingdom,EH1 3TF,Private Limited Company,Dissolved,United Kingdom,,07/01/2006,64209 - Activities of other holding companies n.e.c.,,,,http://business.data.gov.uk/id/company/01000954
Longacre Investments 24 LIMITED,01000955,,,180 Kings Avenue,,Cardiff,,United Kingdom,EC1V 5NP,Private Limited Company,Active,United Kingdom,,27/10/2021,68209 - Other letting and operating of own or leased real estate,,,,http://business.data.gov.uk/id/company/01000955
Meridian Enterprises LTD,01000956,,,12 Station Road,,Bristol,,United Kingdom,WC2H 2FY,Private Limited Company,Active,United Kingdom,,01/10/1994,47190 - Other retail sale in non-specialised stores,,,,http://business.data.gov.uk/id/company/01000956
Ironbridge Properties 31 LTD,01000957,,,166 High Street,,Sheffield,,United Kingdom,EC1V 2YA,Private Limited Company,Active,United Kingdom,,23/05/2021,64209 - Activities of other holding companies n.e.c.,,,,http://business.data.gov.uk/id/company/01000957
Meridian Investments PLC,01000958,,,234 Kings Avenue,,Leeds,,United Kingdom,WC2H 2ZF,Private Limited Company,Active,United Kingdom,,17/01/2024,82990 - Other business support service activities n.e.c.,,,,http://business.data.gov.uk/id/company/01000958
Thornbury Assets LLP,SC1000959,,,4 Church Lane,,Birmingham,,United Kingdom,G2 9TG,Private Limited Company,Active,United Kingdom,,13/03/1992,47190 - Other retail sale in non-specialised stores,,,,http://business.data.gov.uk/id/company/SC1000959
Harbourview Assets LIMITED,01000960,,,202 Bridge Street,,Glasgow,,United Kingdom,BS1 4TX,Private Limited Company,Active,United Kingdom,,09/01/1990,64209 - Activities of other holding companies n.e.c.,,,,http://business.data.gov.uk/id/company/01000960
Harbourview Properties LTD,SC1000961,,,239 Park View,,Edinburgh,,United Kingdom,W1D 1DE,Private Limited Company,Active,United Kingdom,,14/02/2017,64209 - Activities of other holding companies n.e.c.,,,,http://business.data.gov.uk/id/company/SC1000961
Marlborough Resources LLP,01000962,,,108 Church Lane,,Birmingham,,United Kingdom,WC2H 7SJ,Private Limited Company,Dissolved,United Kingdom,,22/11/2022,64209 - Activities of other holding companies n.e.c.,,,,http://business.data.gov.uk/id/company/01000962
Kingsway Ventures LTD,01000963,,,36 Victoria Road,,Cardiff,,United Kingdom,SE1 6EZ,Private Limited Company,Active,United Kingdom,,17/05/2011,82990 - Other business support service activities n.e.c.,,,,http://business.data.gov.uk/id/company/01000963
Fairhaven Assets LTD,01000964,,,235 Victoria Road,,Cardiff,,United Kingdom,WC2H 1HG,Private Limited Company,Active,United Kingdom,,02/08/1996,47190 - Other retail sale in non-specialised stores,,,,http://business.data.gov.uk/id/company/01000964
Ravensworth Trading 29 PLC,01000965,,,38 Church Lane,,London,,United Kingdom,L1 6DH,Private Limited Company,Active,United Kingdom,,22/03/1991,70100 - Activities of head offices,,,,http://business.data.gov.uk/id/company/01000965
Ironbridge Group LTD,01000966,,,68 Church Lane,,London,,United Kingdom,EC1V 8YU,Private Limited Company,Active,United Kingdom,,27/08/2014,47190 - Other retail sale in non-specialised stores,,,,http://business.data.gov.uk/id/company/01000966
Ludgate Ventures 31 LLP,01000967,,,240 Bridge Street,,Sheffield,,United Kingdom,S1 5BA,Private Limited Company,Active,United Kingdom,,17/02/2007,64209 - Activities of other holding companies n.e.c.,,,,http://business.data.gov.uk/id/company/01000967
Marlborough Enterprises LLP,01000968,,,1 Mill Lane,,Liverpool,,United Kingdom,EC1V 4AY,Private Limited Company,Dissolved,United Kingdom,,03/05/1992,70100 - Activities of head offices,,,,http://business.data.gov.uk/id/company/01000968
Ironbridge Partners LLP,01000969,,,92 Station Road,,Manchester,,United Kingdom,SE1 2UF,Private Limited Company,Active,United Kingdom,,04/01/2005,47190 - Other retail sale in non-specialised stores,,,,http://business.data.gov.uk/id/company/01000969
Ironbridge Resources LIMITED,01000970,,,36 Park View,,Sheffield,,United Kingdom,G2 4FH,Private Limited Company,Active,United Kingdom,,05/08/2021,70100 - Activities of head offices,,,,http://business.data.gov.uk/id/company/01000970
Northgate Group 27 LTD,01000971,,,173 Kings Avenue,,Bristol,,United Kingdom,N1 6UY,Private Limited Company,Active,United Kingdom,,17/12/2010,64209 - Activities of other holding companies n.e.c.,,,,http://business.data.gov.uk/id/company/01000971
Gatehouse Management LIMITED,01000972,,,186 Station Road,,London,,United Kingdom,EC1V 4GG,Private Limited Company,Active,United Kingdom,,21/05/2011,68209 - Other letting and operating of own or leased real estate,,,,http://business.data.gov.uk/id/company/01000972
Thornbury Properties LIMITED,01000973,,,188 Park View,,Sheffield,,United Kingdom,S1 7AB,Private Limited Company,Active,United Kingdom,,21/08/2008,47190 - Other retail sale in non-specialised stores,,,,http://business.data.gov.uk/id/company/01000973
Thornbury Enterprises LIMITED,01000974,,,184 Church Lane,,Glasgow,,United Kingdom,EC1V 4EG,Private Limited Company,Active,United Kingdom,,20/12/2018,70100 - Activities of head offices,,,,http://business.data.gov.uk/id/company/01000974
Whitehall Trading LLP,SC1000975,,,238 Station Road,,Edinburgh,,United Kingdom,S1 1QG,Private Limited Company,Active,United Kingdom,,19/11/1996,68209 - Other letting and operating of own or leased real estate,,,,http://business.data.gov.uk/id/company/SC1000975
Sterling Enterprises LLP,SC1000976,,,150 Victoria Road,,Edinburgh,,United Kingdom,CF10 1NF,Private Limited Company,Active,United Kingdom,,11/10/2003,70100 - Activities of head offices,,,,http://business.data.gov.uk/id/company/SC1000976
Thornbury Investments PLC,01000977,,,216 Queens Road,,Leeds,,United Kingdom,BS1 8BB,Private Limited Company,Active,United Kingdom,,19/10/1998,82990 - Other business support service activities n.e.c.,,,,http://business.data.gov.uk/id/company/01000977
Whitehall Holdings LTD,01000978,,,191 Victoria Road,,Sheffield,,United Kingdom,SW1A 7XY,Private Limited Company,Active,United Kingdom,,11/07/2010,64209 - Activities of other holding companies n.e.c.,,,,http://business.data.gov.uk/id/company/01000978
Aldgate Capital LIMITED,01000979,,,223 Victoria Road,,London,,United Kingdom,EC1V 9LS,Private Limited Company,Active,United Kingdom,,27/12/2005,47190 - Other retail sale in non-specialised stores,,,,http://business.data.gov.uk/id/company/01000979
Ashcroft Partners LTD,01000980,,,135 Kings Avenue,,Cardiff,,United Kingdom,BS1 6AS,Private Limited Company,Active,United Kingdom,,20/04/1999,70100 - Activities of head offices,,,,http://business.data.gov.uk/id/company/01000980
Silverline Trading LTD,01000981,,,102 Mill Lane,,Bristol,,United Kingdom,EH1 7JJ,Private Limited Company,Active,United Kingdom,,02/05/1993,68209 - Other letting and operating of own or leased real estate,,,,http://business.data.gov.uk/id/company/01000981
Silverline Resources LLP,01000982,,,13 Mill Lane,,Cardiff,,United Kingdom,S1 3JD,Private Limited Company,Active,United Kingdom,,11/02/2012,68209 - Other letting and operating of own or leased real estate,,,,http://business.data.gov.uk/id/company/01000982
Silverline Investments LIMITED,01000983,,,150 Kings Avenue,,Bristol,,United Kingdom,B3 7TU,Private Limited Company,Active,United Kingdom,,19/12/2004,70100 - Activities of head offices,,,,http://business.data.gov.uk/id/company/01000983
Beaconsfield Resources LIMITED,01000984,,,83 Bridge Street,,Birmingham,,United Kingdom,W1D 3PZ,Private Limited Company,Active,United Kingdom,,24/03/2013,47190 - Other retail sale in non-specialised stores,,,,http://business.data.gov.uk/id/company/01000984
Thornbury Holdings 28 PLC,SC1000985,,,243 Mill Lane,,Glasgow,,United Kingdom,EH1 2QL,Private Limited Company,Dissolved,United Kingdom,,14/07/2000,47190 - Other retail sale in non-specialised stores,,,,http://business.data.gov.uk/id/company/SC1000985
Whitehall Investments PLC,01000986,,,66 Manor Way,,Leeds,,United Kingdom,W1D 4DU,Private Limited Company,Liquidation,United Kingdom,,01/03/2017,82990 - Other business support service activities n.e.c.,,,,http://business.data.gov.uk/id/company/01000986
Fairhaven Holdings LIMITED,01000987,,,21 Bridge Street,,Bristol,,United Kingdom,L1 8DW,Private Limited Company,Active,United Kingdom,,11/12/2005,64209 - Activities of other holding companies n.e.c.,,,,http://business.data.gov.uk/id/company/01000987
Kingsway Trading 27 PLC,01000988,,,67 Park View,,Glasgow,,United Kingdom,M1 6JP,Private Limited Company,Active,United Kingdom,,08/05/2018,47190 - Other retail sale in non-specialised stores,,,,http://business.data.gov.uk/id/company/01000988
Ludgate Holdings PLC,01000989,,,114 Park View,,Bristol,,United Kingdom,M1 9DF,Private Limited Company,Active,United Kingdom,,15/02/2012,70100 - Activities of head offices,,,,http://business.data.gov.uk/id/company/01000989
Ludgate Assets LTD,01000990,,,124 Manor Way,,Cardiff,,United Kingdom,EC1V 5HA,Private Limited Company,Active,United Kingdom,,07/10/2000,82990 - Other business support service activities n.e.c.,,,,http://business.data.gov.uk/id/company/01000990
Silverline Group 2 LTD,SC1000991,,,226 Mill Lane,,Bristol,,United Kingdom,G2 3XS,Private Limited Company,Active,United Kingdom,,02/03/2020,68209 - Other letting and operating of own or leased real estate,,,,http://business.data.gov.uk/id/company/SC1000991
Fairhaven Investments LIMITED,01000992,,,204 Bridge Street,,Sheffield,,United Kingdom,M1 4SW,Private Limited Company,Active,United Kingdom,,28/08/2010,64209 - Activities of other holding companies n.e.c.,,,,http://business.data.gov.uk/id/company/01000992
Ashcroft Properties LIMITED,01000993,,,203 Station Road,,Manchester,,United Kingdom,EH1 7ND,Private Limited Company,Active,United Kingdom,,18/02/1999,68209 - Other letting and operating of own or leased real estate,,,,http://business.data.gov.uk/id/company/01000993
Northgate Properties 8 LLP,01000994,,,242 Park View,,Manchester,,United Kingdom,M1 7BE,Private Limited Company,Active,United Kingdom,,25/01/1999,64209 - Activities of other holding companies n.e.c.,,,,http://business.data.gov.uk/id/company/01000994
Marlborough Resources 36 LIMITED,01000995,,,248 Park View,,Manchester,,United Kingdom,M1 6AL,Private Limited Company,Active,United Kingdom,,13/10/2015,64209 - Activities of other holding companies n.e.c.,,,,http://business.data.gov.uk/id/company/01000995
Aldgate Investments LIMITED,01000996,,,97 Church Lane,,Bristol,,United Kingdom,M1 6BJ,Private Limited Company,Active,United Kingdom,,16/12/2024,68209 - Other letting and operating of own or leased real estate,,,,http://business.data.gov.uk/id/company/01000996
Ironbridge Management LLP,01000997,,,196 Queens Road,,Sheffield,,United Kingdom,N1 5NS,Private Limited Company,Active,United Kingdom,,20/05/2013,70100 - Activities of head offices,,,,http://business.data.gov.uk/id/company/01000997
Kingsway Holdings 9 PLC,01000998,,,14 Manor Way,,London,,United Kingdom,LS1 5SW,Private Limited Company,Active,United Kingdom,,16/08/2013,64209 - Activities of other holding companies n.e.c.,,,,http://business.data.gov.uk/id/company/01000998
Ravensworth Enterprises LLP,01000999,,,81 Park View,,Glasgow,,United Kingdom,L1 8ZZ,Private Limited Company,Active,United Kingdom,,23/08/2000,64209 - Activities of other holding companies n.e.c.,,,,http://business.data.gov.uk/id/company/01000999
Thornbury Ventures LIMITED,01001000,,,41 Queens Road,,Liverpool,,United Kingdom,SE1 3EE,Private Limited Company,Active,United Kingdom,,09/12/2000,64209 - Activities of other holding companies n.e.c.,,,,http://business.data.gov.uk/id/company/01001000
Ironbridge Properties LLP,01001001,,,93 Mill Lane,,Cardiff,,United Kingdom,SW1A 7GZ,Private Limited Company,Active,United Kingdom,,11/12/2008,47190 - Other retail sale in non-specialised stores,,,,http://business.data.gov.uk/id/company/01001001
Camberwell Investments PLC,01001002,,,128 Bridge Street,,Leeds,,United Kingdom,WC2H 6EQ,Private Limited Company,Active,United Kingdom,,25/01/2011,82990 - Other business support service activities n.e.c.,,,,http://business.data.gov.uk/id/company/01001002
Longacre Enterprises LTD,01001003,,,156 Mill Lane,,Liverpool,,United Kingdom,EC1V 6LA,Private Limited Company,Active,United Kingdom,,03/06/2008,82990 - Other business support service activities n.e.c.,,,,http://business.data.gov.uk/id/company/01001003
Sterling Properties PLC,01001004,,,159 Bridge Street,,Glasgow,,United Kingdom,S1 5HA,Private Limited Company,Active,United Kingdom,,02/04/1993,47190 - Other retail sale in non-specialised stores,,,,http://business.data.gov.uk/id/company/01001004
Thornbury Assets 21 LLP,01001005,,,238 Church Lane,,Edinburgh,,United Kingdom,SE1 6JB,Private Limited Company,Active,United Kingdom,,02/09/2015,47190 - Other retail sale in non-specialised stores,,,,http://business.data.gov.uk/id/company/01001005
Ashcroft Holdings LLP,01001006,,,125 Kings Avenue,,Glasgow,,United Kingdom,L1 5EW,Private Limited Company,Active,United Kingdom,,25/09/2021,64209 - Activities of other holding companies n.e.c.,,,,http://business.data.gov.uk/id/company/01001006
Ravensworth Management PLC,SC1001007,,,197 High Street,,Glasgow,,United Kingdom,B3 1BS,Private Limited Company,Active,United Kingdom,,08/03/2015,64209 - Activities of other holding companies n.e.c.,,,,http://business.data.gov.uk/id/company/SC1001007
Ludgate Properties LLP,01001008,,,1 Church Lane,,Leeds,,United Kingdom,BS1 7TJ,Private Limited Company,Active,United Kingdom,,22/03/2001,64209 - Activities of other holding companies n.e.c.,,,,http://business.data.gov.uk/id/company/01001008
Whitehall Properties PLC,01001009,,,229 Church Lane,,Edinburgh,,United Kingdom,L1 5SF,Private Limited Company,Active,United Kingdom,,14/08/1998,68209 - Other letting and operating of own or leased real estate,,,,http://business.data.gov.uk/id/company/01001009
Marlborough Group 29 LTD,01001010,,,65 Park View,,Bristol,,United Kingdom,EH1 5FX,Private Limited Company,Active,United Kingdom,,22/02/2011,70100 - Activities of head offices,,,,http://business.data.gov.uk/id/company/01001010
Blackwater Capital LIMITED,01001011,,,55 Station Road,,Liverpool,,United Kingdom,EH1 5GT,Private Limited Company,Active,United Kingdom,,28/01/2002,70100 - Activities of head offices,,,,http://business.data.gov.uk/id/company/01001011
Marlborough Ventures LTD,SC1001012,,,126 Mill Lane,,Leeds,,United Kingdom,BS1 3HJ,Private Limited Company,Active,United Kingdom,,02/02/1995,64209 - Activities of other holding companies n.e.c.,,,,http://business.data.gov.uk/id/company/SC1001012
Ashcroft Investments LLP,01001013,,,43 Park View,,Cardiff,,United Kingdom,SW1A 8ES,Private Limited Company,Active,United Kingdom,,25/05/2023,47190 - Other retail sale in non-specialised stores,,,,http://business.data.gov.uk/id/company/01001013
Meridian Ventures LLP,01001014,,,135 Church Lane,,Manchester,,United Kingdom,S1 1YJ,Private Limited Company,Active,United Kingdom,,04/03/2008,68209 - Other letting and operating of own or leased real estate,,,,http://business.data.gov.uk/id/company/01001014
Camberwell Resources LIMITED,01001015,,,219 Manor Way,,Glasgow,,United Kingdom,SE1 6FZ,Private Limited Company,Active,United Kingdom,,18/07/2006,82990 - Other business support service activities n.e.c.,,,,http://business.data.gov.uk/id/company/01001015
Aldgate Management PLC,01001016,,,163 Queens Road,,Cardiff,,United Kingdom,G2 8NY,Private Limited Company,Active,United Kingdom,,21/09/2004,70100 - Activities of head offices,,,,http://business.data.gov.uk/id/company/01001016
Beaconsfield Resources LIMITED,01001017,,,229 Church Lane,,Birmingham,,United Kingdom,S1 6RS,Private Limited Company,Active,United Kingdom,,17/04/2024,68209 - Other letting and operating of own or leased real estate,,,,http://business.data.gov.uk/id/company/01001017
Gatehouse Capital PLC,01001018,,,70 Mill Lane,,Sheffield,,United Kingdom,G2 8RU,Private Limited Company,Active,United Kingdom,,19/11/2019,82990 - Other business support service activities n.e.c.,,,,http://business.data.gov.uk/id/company/01001018
Northgate Holdings PLC,01001019,,,215 Church Lane,,Birmingham,,United Kingdom,BS1 3TT,Private Limited Company,Active,United Kingdom,,05/03/1997,64209 - Activities of other holding companies n.e.c.,,,,http://business.data.gov.uk/id/company/01001019
Kingsway Trading 22 LTD,01001020,,,121 Bridge Street,,Glasgow,,United Kingdom,EC1V 1QL,Private Limited Company,Active,United Kingdom,,08/10/2011,70100 - Activities of head offices,,,,http://business.data.gov.uk/id/company/01001020
Kingsway Capital LTD,01001021,,,49 Station Road,,London,,United Kingdom,BS1 5DG,Private Limited Company,Active,United Kingdom,,15/08/1992,70100 - Activities of head offices,,,,http://business.data.gov.uk/id/company/01001021
Whitehall Enterprises LIMITED,01001022,,,67 Queens Road,,Edinburgh,,United Kingdom,EH1 7FF,Private Limited Company,Active,United Kingdom,,01/01/2008,68209 - Other letting and operating of own or leased real estate,,,,http://business.data.gov.uk/id/company/01001022
Ashcroft Ventures LTD,01001023,,,125 Queens Road,,Bristol,,United Kingdom,N1 3LQ,Private Limited Company,Active,United Kingdom,,13/11/1991,68209 - Other letting and operating of own or leased real estate,,,,http://business.data.gov.uk/id/company/01001023
Eastbrook Capital LTD,01001024,,,54 High Street,,Bristol,,United Kingdom,EC1V 8AA,Private Limited Company,Active,United Kingdom,,11/07/2000,68209 - Other letting and operating of own or leased real estate,,,,http://business.data.gov.uk/id/company/01001024
Gatehouse Properties 11 LIMITED,01001025,,,81 Park View,,Leeds,,United Kingdom,CF10 1RB,Private Limited Company,Dissolved,United Kingdom,,24/09/2008,82990 - Other business support service activities n.e.c.,,,,http://business.data.gov.uk/id/company/01001025
Ashcroft Partners LTD,01001026,,,212 Manor Way,,Manchester,,United Kingdom,SE1 3FP,Private Limited Company,Active,United Kingdom,,06/11/2020,82990 - Other business support service activities n.e.c.,,,,http://business.data.gov.uk/id/company/01001026
Meridian Partners PLC,01001027,,,202 High Street,,Manchester,,United Kingdom,SE1 3QT,Private Limited Company,Active,United Kingdom,,08/11/2003,64209 - Activities of other holding companies n.e.c.,,,,http://business.data.gov.uk/id/company/01001027
Aldgate Holdings 4 PLC,01001028,,,250 Church Lane,,Cardiff,,United Kingdom,L1 3UJ,Private Limited Company,Active,United Kingdom,,19/06/2008,70100 - Activities of head offices,,,,http://business.data.gov.uk/id/company/01001028
Ashcroft Resources LLP,01001029,,,158 Kings Avenue,,Liverpool,,United Kingdom,BS1 6DZ,Private Limited Company,Dissolved,United Kingdom,,17/07/2004,82990 - Other business support service activities n.e.c.,,,,http://business.data.gov.uk/id/company/01001029
Kingsway Group LTD,01001030,,,79 Bridge Street,,Edinburgh,,United Kingdom,N1 5SB,Private Limited Company,Dissolved,United Kingdom,,20/08/2023,68209 - Other letting and operating of own or leased real estate,,,,http://business.data.gov.uk/id/company/01001030
Redwood Assets 7 LTD,01001031,,,80 High Street,,Leeds,,United Kingdom,G2 9UZ,Private Limited Company,Active,United Kingdom,,13/07/1996,82990 - Other business support service activities n.e.c.,,,,http://business.data.gov.uk/id/company/01001031
Harbourview Partners PLC,SC1001032,,,191 Queens Road,,Birmingham,,United Kingdom,BS1 3TD,Private Limited Company,Active,United Kingdom,,04/03/2005,68209 - Other letting and operating of own or leased real estate,,,,http://business.data.gov.uk/id/company/SC1001032
Ashcroft Holdings 5 LLP,01001033,,,109 Park View,,Manchester,,United Kingdom,WC2H 8GH,Private Limited Company,Dissolved,United Kingdom,,02/02/2003,82990 - Other business support service activities n.e.c.,,,,http://business.data.gov.uk/id/company/01001033
Marlborough Capital 4 PLC,01001034,,,109 Park View,,Manchester,,United Kingdom,BS1 5JX,Private Limited Company,Active,United Kingdom,,08/09/2003,82990 - Other business support service activities n.e.c.,,,,http://business.data.gov.uk/id/company/01001034
Eastbrook Investments 25 LTD,01001035,,,166 Kings Avenue,,Glasgow,,United Kingdom,SW1A 2UX,Private Limited Company,Active,United Kingdom,,05/10/2013,68209 - Other letting and operating of own or leased real estate,,,,http://business.data.gov.uk/id/company/01001035
Eastbrook Capital LTD,01001036,,,47 Queens Road,,Glasgow,,United Kingdom,L1 4NR,Private Limited Company,Active,United Kingdom,,20/12/2013,64209 - Activities of other holding companies n.e.c.,,,,http://business.data.gov.uk/id/company/01001036
Ravensworth Enterprises LIMITED,01001037,,,70 High Street,,London,,United Kingdom,S1 1GE,Private Limited Company,Active,United Kingdom,,04/07/2001,68209 - Other letting and operating of own or leased real estate,,,,http://business.data.gov.uk/id/company/01001037
Silverline Management LIMITED,01001038,,,109 Kings Avenue,,Glasgow,,United Kingdom,L1 9QH,Private Limited Company,Active,United Kingdom,,22/11/2002,82990 - Other business support service activities n.e.c.,,,,http://business.data.gov.uk/id/company/01001038
Meridian Ventures 6 LLP,01001039,,,192 Station Road,,Bristol,,United Kingdom,W1D 5AF,Private Limited Company,Active,United Kingdom,,02/06/2001,70100 - Activities of head offices,,,,http://business.data.gov.uk/id/company/01001039
Ravensworth Properties PLC,01001040,,,171 Park View,,Leeds,,United Kingdom,SE1 9RW,Private Limited Company,Active,United Kingdom,,20/08/2024,47190 - Other retail sale in non-specialised stores,,,,http://business.data.gov.uk/id/company/01001040
Sterling Group PLC,01001041,,,217 Station Road,,Sheffield,,United Kingdom,EH1 8XX,Private Limited Company,Active,United Kingdom,,11/07/2006,68209 - Other letting and operating of own or leased real estate,,,,http://business.data.gov.uk/id/company/01001041
Fairhaven Enterprises LTD,SC1001042,,,115 Bridge Street,,Cardiff,,United Kingdom,EC1V 1GD,Private Limited Company,Active,United Kingdom,,02/06/2020,64209 - Activities of other holding companies n.e.c.,,,,http://business.data.gov.uk/id/company/SC1001042
Camberwell Ventures 8 LIMITED,01001043,,,1 Church Lane,,Liverpool,,United Kingdom,WC2H 1ZH,Private Limited Company,Active,United Kingdom,,22/06/2017,64209 - Activities of other holding companies n.e.c.,,,,http://business.data.gov.uk/id/company/01001043
Redwood Holdings LTD,01001044,,,198 Victoria Road,,Cardiff,,United Kingdom,N1 7GS,Private Limited Company,Dissolved,United Kingdom,,02/02/2003,68209 - Other letting and operating of own or leased real estate,,,,http://business.data.gov.uk/id/company/01001044
Ashcroft Partners LLP,01001045,,,97 Station Road,,Liverpool,,United Kingdom,B3 5EQ,Private Limited Company,Active,United Kingdom,,24/08/2016,47190 - Other retail sale in non-specialised stores,,,,http://business.data.gov.uk/id/company/01001045
Silverline Management LIMITED,SC1001046,,,209 Queens Road,,Bristol,,United Kingdom,SE1 6LJ,Private Limited Company,Active,United Kingdom,,19/05/2007,68209 - Other letting and operating of own or leased real estate,,,,http://business.data.gov.uk/id/company/SC1001046
Camberwell Resources PLC,01001047,,,108 Church Lane,,Birmingham,,United Kingdom,N1 4NX,Private Limited Company,Dissolved,United Kingdom,,15/10/2016,47190 - Other retail sale in non-specialised stores,,,,http://business.data.gov.uk/id/company/01001047
Ludgate Capital LLP,01001048,,,200 Manor Way,,Bristol,,United Kingdom,L1 6XL,Private Limited Company,Active,United Kingdom,,20/02/2005,68209 - Other letting and operating of own or leased real estate,,,,http://business.data.gov.uk/id/company/01001048
Ironbridge Trading PLC,01001049,,,242 Park View,,Leeds,,United Kingdom,SE1 4TU,Private Limited Company,Active,United Kingdom,,15/06/2019,64209 - Activities of other holding companies n.e.c.,,,,http://business.data.gov.uk/id/company/01001049
Whitehall Enterprises LIMITED,SC1001050,,,124 Victoria Road,,Sheffield,,United Kingdom,SW1A 5NW,Private Limited Company,Active,United Kingdom,,27/04/1992,64209 - Activities of other holding companies n.e.c.,,,,http://business.data.gov.uk/id/company/SC1001050
Blackwater Management LLP,01001051,,,39 Manor Way,,Birmingham,,United Kingdom,SE1 1EB,Private Limited Company,Active,United Kingdom,,21/04/2015,47190 - Other retail sale in non-specialised stores,,,,http://business.data.gov.uk/id/company/01001051
Fairhaven Ventures 8 PLC,01001052,,,221 Church Lane,,Manchester,,United Kingdom,W1D 7ES,Private Limited Company,Active,United Kingdom,,21/09/2000,64209 - Activities of other holding companies n.e.c.,,,,http://business.data.gov.uk/id/company/01001052
Gatehouse Assets PLC,SC1001053,,,214 High Street,,Glasgow,,United Kingdom,WC2H 2EF,Private Limited Company,Active,United Kingdom,,28/05/2004,82990 - Other business support service activities n.e.c.,,,,http://business.data.gov.uk/id/company/SC1001053
Aldgate Investments LLP,01001054,,,196 Kings Avenue,,Manchester,,United Kingdom,EC1V 9HJ,Private Limited Company,Active,United Kingdom,,08/12/2019,64209 - Activities of other holding companies n.e.c.,,,,http://business.data.gov.uk/id/company/01001054
Ashcroft Enterprises LLP,01001055,,,117 Church Lane,,Manchester,,United Kingdom,CF10 5GB,Private Limited Company,Active,United Kingdom,,12/04/1998,70100 - Activities of head offices,,,,http://business.data.gov.uk/id/company/01001055
Marlborough Capital LLP,01001056,,,236 Church Lane,,Bristol,,United Kingdom,WC2H 3YD,Private Limited Company,Active,United Kingdom,,26/05/1991,47190 - Other retail sale in non-specialised stores,,,,http://business.data.gov.uk/id/company/01001056
Marlborough Ventures LIMITED,01001057,,,242 Bridge Street,,Liverpool,,United Kingdom,N1 2PP,Private Limited Company,Active,United Kingdom,,06/05/2019,70100 - Activities of head offices,,,,http://business.data.gov.uk/id/company/01001057
Silverline Trading LIMITED,01001058,,,153 Queens Road,,Leeds,,United Kingdom,B3 6BL,Private Limited Company,Dissolved,United Kingdom,,04/02/2020,47190 - Other retail sale in non-specialised stores,,,,http://business.data.gov.uk/id/company/01001058
Thornbury Ventures PLC,01001059,,,16 Victoria Road,,Bristol,,United Kingdom,LS1 2RS,Private Limited Company,Active,United Kingdom,,03/01/1998,70100 - Activities of head offices,,,,http://business.data.gov.uk/id/company/01001059
Longacre Holdings LIMITED,01001060,,,3 Church Lane,,Birmingham,,United Kingdom,SW1A 2NF,Private Limited Company,Active,United Kingdom,,04/02/1999,68209 - Other letting and operating of own or leased real estate,,,,http://business.data.gov.uk/id/company/01001060
Blackwater Investments 14 PLC,SC1001061,,,103 Manor Way,,Birmingham,,United Kingdom,B3 8JX,Private Limited Company,Active,United Kingdom,,15/09/2020,47190 - Other retail sale in non-specialised stores,,,,http://business.data.gov.uk/id/company/SC1001061
Whitehall Properties LIMITED,01001062,,,81 Bridge Street,,Cardiff,,United Kingdom,W1D 5YG,Private Limited Company,Active,United Kingdom,,01/07/1993,68209 - Other letting and operating of own or leased real estate,,,,http://business.data.gov.uk/id/company/01001062
Meridian Enterprises LTD,01001063,,,68 Park View,,Edinburgh,,United Kingdom,SW1A 9NT,Private Limited Company,Active,United Kingdom,,11/05/1996,47190 - Other retail sale in non-specialised stores,,,,http://business.data.gov.uk/id/company/01001063
Blackwater Properties 34 LLP,01001064,,,225 Queens Road,,Liverpool,,United Kingdom,N1 5RD,Private Limited Company,Dissolved,United Kingdom,,19/04/2007,82990 - Other business support service activities n.e.c.,,,,http://business.data.gov.uk/id/company/01001064
Redwood Capital LTD,01001065,,,216 Station Road,,Sheffield,,United Kingdom,M1 5HT,Private Limited Company,Active,United Kingdom,,11/03/2005,68209 - Other letting and operating of own or leased real estate,,,,http://business.data.gov.uk/id/company/01001065
Ashcroft Holdings PLC,01001066,,,130 Park View,,Liverpool,,United Kingdom,SE1 7SU,Private Limited Company,Active,United Kingdom,,23/02/2012,68209 - Other letting and operating of own or leased real estate,,,,http://business.data.gov.uk/id/company/01001066
Pinnacle Properties LTD,01001067,,,239 Kings Avenue,,Bristol,,United Kingdom,EH1 5RN,Private Limited Company,Active,United Kingdom,,03/04/2024,70100 - Activities of head offices,,,,http://business.data.gov.uk/id/company/01001067
Kingsway Management LTD,SC1001068,,,133 Kings Avenue,,Glasgow,,United Kingdom,M1 1BX,Private Limited Company,Active,United Kingdom,,21/04/2018,82990 - Other business support service activities n.e.c.,,,,http://business.data.gov.uk/id/company/SC1001068
Thornbury Investments 24 LLP,01001069,,,73 Station Road,,London,,United Kingdom,EC1V 6AF,Private Limited Company,Active,United Kingdom,,25/11/2016,70100 - Activities of head offices,,,,http://business.data.gov.uk/id/company/01001069
Ludgate Holdings LTD,01001070,,,108 Church Lane,,London,,United Kingdom,SW1A 1XU,Private Limited Company,Dissolved,United Kingdom,,13/10/1996,64209 - Activities of other holding companies n.e.c.,,,,http://business.data.gov.uk/id/company/01001070
Silverline Trading PLC,01001071,,,23 Station Road,,Glasgow,,United Kingdom,W1D 4YG,Private Limited Company,Active,United Kingdom,,03/05/2011,64209 - Activities of other holding companies n.e.c.,,,,http://business.data.gov.uk/id/company/01001071
Thornbury Partners PLC,01001072,,,83 Kings Avenue,,Birmingham,,United Kingdom,N1 1FS,Private Limited Company,Dissolved,United Kingdom,,18/10/2009,82990 - Other business support service activities n.e.c.,,,,http://business.data.gov.uk/id/company/01001072
Marlborough Investments PLC,01001073,,,6 Kings Avenue,,Bristol,,United Kingdom,EH1 5TG,Private Limited Company,Active,United Kingdom,,20/06/2008,47190 - Other retail sale in non-specialised stores,,,,http://business.data.gov.uk/id/company/01001073
Fairhaven Trading LIMITED,01001074,,,209 Church Lane,,Manchester,,United Kingdom,WC2H 4XJ,Private Limited Company,Active,United Kingdom,,16/08/2000,82990 - Other business support service activities n.e.c.,,,,http://business.data.gov.uk/id/company/01001074
Thornbury Trading LTD,01001075,,,134 Queens Road,,Liverpool,,United Kingdom,EC1V 4SF,Private Limited Company,Active,United Kingdom,,13/10/2018,70100 - Activities of head offices,,,,http://business.data.gov.uk/id/company/01001075
Aldgate Holdings LLP,01001076,,,170 Victoria Road,,Glasgow,,United Kingdom,W1D 7XY,Private Limited Company,Dissolved,United Kingdom,,17/05/2010,47190 - Other retail sale in non-specialised stores,,,,http://business.data.gov.uk/id/company/01001076
Whitehall Partners LLP,01001077,,,193 Mill Lane,,Cardiff,,United Kingdom,EC1V 9GX,Private Limited Company,Dissolved,United Kingdom,,09/01/1993,47190 - Other retail sale in non-specialised stores,,,,http://business.data.gov.uk/id/company/01001077
Pinnacle Holdings LIMITED,SC1001078,,,176 Station Road,,Leeds,,United Kingdom,G2 7XH,Private Limited Company,Active,United Kingdom,,15/06/2020,82990 - Other business support service activities n.e.c.,,,,http://business.data.gov.uk/id/company/SC1001078
Longacre Assets PLC,01001079,,,141 High Street,,Leeds,,United Kingdom,SE1 2YR,Private Limited Company,Active,United Kingdom,,01/08/2010,82990 - Other business support service activities n.e.c.,,,,http://business.data.gov.uk/id/company/01001079
Beaconsfield Capital LIMITED,01001080,,,107 High Street,,Sheffield,,United Kingdom,B3 2TD,Private Limited Company,Active,United Kingdom,,19/02/2006,64209 - Activities of other holding companies n.e.c.,,,,http://business.data.gov.uk/id/company/01001080
Meridian Properties 23 PLC,01001081,,,188 Church Lane,,Manchester,,United Kingdom,EH1 8XA,Private Limited Company,Active,United Kingdom,,25/03/2006,82990 - Other business support service activities n.e.c.,,,,http://business.data.gov.uk/id/company/01001081
Gatehouse Resources PLC,01001082,,,86 Bridge Street,,Glasgow,,United Kingdom,BS1 9WL,Private Limited Company,Active,United Kingdom,,03/08/2022,68209 - Other letting and operating of own or leased real estate,,,,http://business.data.gov.uk/id/company/01001082
Beaconsfield Enterprises LLP,01001083,,,30 High Street,,Bristol,,United Kingdom,SE1 6FJ,Private Limited Company,Active,United Kingdom,,14/10/1991,82990 - Other business support service activities n.e.c.,,,,http://business.data.gov.uk/id/company/01001083
Sterling Group LTD,01001084,,,56 High Street,,Sheffield,,United Kingdom,EH1 8LJ,Private Limited Company,Active,United Kingdom,,19/03/1993,68209 - Other letting and operating of own or leased real estate,,,,http://business.data.gov.uk/id/company/01001084
Meridian Group LTD,01001085,,,26 Queens Road,,Bristol,,United Kingdom,M1 8EX,Private Limited Company,Active,United Kingdom,,04/12/2017,47190 - Other retail sale in non-specialised stores,,,,http://business.data.gov.uk/id/company/01001085
Meridian Assets LIMITED,01001086,,,64 Mill Lane,,Glasgow,,United Kingdom,M1 4SN,Private Limited Company,Active,United Kingdom,,28/10/2001,68209 - Other letting and operating of own or leased real estate,,,,http://business.data.gov.uk/id/company/01001086
Ludgate Capital LTD,SC1001087,,,116 Queens Road,,Birmingham,,United Kingdom,B3 8QB,Private Limited Company,Active,United Kingdom,,21/04/2007,47190 - Other retail sale in non-specialised stores,,,,http://business.data.gov.uk/id/company/SC1001087
Kingsway Resources PLC,01001088,,,245 Kings Avenue,,Sheffield,,United Kingdom,EC1V 7AZ,Private Limited Company,Active,United Kingdom,,27/05/1993,47190 - Other retail sale in non-specialised stores,,,,http://business.data.gov.uk/id/company/01001088
Ravensworth Ventures PLC,01001089,,,151 Station Road,,Manchester,,United Kingdom,SE1 3GH,Private Limited Company,Active,United Kingdom,,23/12/2011,64209 - Activities of other holding companies n.e.c.,,,,http://business.data.gov.uk/id/company/01001089
Eastbrook Management 40 LIMITED,01001090,,,235 Victoria Road,,Sheffield,,United Kingdom,CF10 2WN,Private Limited Company,Dissolved,United Kingdom,,24/09/2005,82990 - Other business support service activities n.e.c.,,,,http://business.data.gov.uk/id/company/01001090
Ashcroft Assets 10 LTD,01001091,,,93 Kings Avenue,,Leeds,,United Kingdom,EC1V 5WG,Private Limited Company,Active,United Kingdom,,27/02/2021,82990 - Other business support service activities n.e.c.,,,,http://business.data.gov.uk/id/company/01001091
Whitehall Holdings PLC,01001092,,,132 Victoria Road,,Birmingham,,United Kingdom,CF10 6XJ,Private Limited Company,Liquidation,United Kingdom,,07/05/2002,64209 - Activities of other holding companies n.e.c.,,,,http://business.data.gov.uk/id/company/01001092
Northgate Investments LLP,01001093,,,159 Church Lane,,London,,United Kingdom,W1D 4GB,Private Limited Company,Active,United Kingdom,,18/01/2022,68209 - Other letting and operating of own or leased real estate,,,,http://business.data.gov.uk/id/company/01001093
Meridian Capital PLC,01001094,,,250 Bridge Street,,Liverpool,,United Kingdom,L1 6HT,Private Limited Company,Active,United Kingdom,,15/06/2020,47190 - Other retail sale in non-specialised stores,,,,http://business.data.gov.uk/id/company/01001094
Thornbury Enterprises LTD,01001095,,,23 Queens Road,,Liverpool,,United Kingdom,N1 7QX,Private Limited Company,Active,United Kingdom,,23/05/2022,70100 - Activities of head offices,,,,http://business.data.gov.uk/id/company/01001095
Beaconsfield Trading 17 LLP,01001096,,,20 Mill Lane,,Edinburgh,,United Kingdom,W1D 9DA,Private Limited Company,Active,United Kingdom,,09/09/1991,47190 - Other retail sale in non-specialised stores,,,,http://business.data.gov.uk/id/company/01001096
Beaconsfield Investments LIMITED,01001097,,,138 Mill Lane,,Cardiff,,United Kingdom,EC1V 1SY,Private Limited Company,Active,United Kingdom,,20/08/2022,64209 - Activities of other holding companies n.e.c.,,,,http://business.data.gov.uk/id/company/01001097
Blackwater Investments PLC,01001098,,,120 High Street,,Edinburgh,,United Kingdom,BS1 1LY,Private Limited Company,Active,United Kingdom,,15/04/2003,47190 - Other retail sale in non-specialised stores,,,,http://business.data.gov.uk/id/company/01001098
Beaconsfield Holdings LLP,01001099,,,99 Kings Avenue,,London,,United Kingdom,W1D 9TD,Private Limited Company,Dissolved,United Kingdom,,19/11/2007,70100 - Activities of head offices,,,,http://business.data.gov.uk/id/company/01001099
Northgate Partners LIMITED,01001100,,,103 High Street,,Sheffield,,United Kingdom,SW1A 5JF,Private Limited Company,Dissolved,United Kingdom,,01/09/2019,64209 - Activities of other holding companies n.e.c.,,,,http://business.data.gov.uk/id/company/01001100
Whitehall Ventures LIMITED,01001101,,,21 Bridge Street,,Leeds,,United Kingdom,SE1 6TU,Private Limited Company,Active,United Kingdom,,17/03/2024,64209 - Activities of other holding companies n.e.c.,,,,http://business.data.gov.uk/id/company/01001101
Harbourview Management 27 LTD,01001102,,,119 Manor Way,,Liverpool,,United Kingdom,SE1 8NZ,Private Limited Company,Active,United Kingdom,,14/11/1990,64209 - Activities of other holding companies n.e.c.,,,,http://business.data.gov.uk/id/company/01001102
Longacre Properties LTD,01001103,,,105 Manor Way,,Liverpool,,United Kingdom,S1 6RW,Private Limited Company,Active,United Kingdom,,04/03/2022,82990 - Other business support service activities n.e.c.,,,,http://business.data.gov.uk/id/company/01001103
Harbourview Partners PLC,01001104,,,112 Bridge Street,,Leeds,,United Kingdom,EH1 3HN,Private Limited Company,Dissolved,United Kingdom,,12/11/2003,68209 - Other letting and operating of own or leased real estate,,,,http://business.data.gov.uk/id/company/01001104
Ironbridge Assets LLP,01001105,,,150 Queens Road,,Bristol,,United Kingdom,N1 9PX,Private Limited Company,Liquidation,United Kingdom,,08/10/1998,70100 - Activities of head offices,,,,http://business.data.gov.uk/id/company/01001105
Ludgate Properties LLP,01001106,,,33 Bridge Street,,London,,United Kingdom,EH1 3WF,Private Limited Company,Active,United Kingdom,,04/12/1997,70100 - Activities of head offices,,,,http://business.data.gov.uk/id/company/01001106
Sterling Assets PLC,01001107,,,96 Queens Road,,Glasgow,,United Kingdom,M1 4UA,Private Limited Company,Dissolved,United Kingdom,,27/04/2007,68209 - Other letting and operating of own or leased real estate,,,,http://business.data.gov.uk/id/company/01001107
Meridian Partners LIMITED,01001108,,,122 High Street,,Manchester,,United Kingdom,CF10 2LU,Private Limited Company,Active,United Kingdom,,15/11/2010,70100 - Activities of head offices,,,,http://business.data.gov.uk/id/company/01001108
Ravensworth Properties LIMITED,01001109,,,7 Manor Way,,Glasgow,,United Kingdom,WC2H 3TS,Private Limited Company,Active,United Kingdom,,18/03/2001,82990 - Other business support service activities n.e.c.,,,,http://business.data.gov.uk/id/company/01001109
Gatehouse Group 26 PLC,01001110,,,249 Park View,,Liverpool,,United Kingdom,S1 5NP,Private Limited Company,Active,United Kingdom,,21/10/2003,82990 - Other business support service activities n.e.c.,,,,http://business.data.gov.uk/id/company/01001110
Ashcroft Partners LLP,01001111,,,185 Manor Way,,Leeds,,United Kingdom,S1 9QT,Private Limited Company,Active,United Kingdom,,18/03/2022,82990 - Other business support service activities n.e.c.,,,,http://business.data.gov.uk/id/company/01001111
Harbourview Resources LIMITED,01001112,,,79 Church Lane,,Edinburgh,,United Kingdom,S1 3SS,Private Limited Company,Active,United Kingdom,,09/09/2012,82990 - Other business support service activities n.e.c.,,,,http://business.data.gov.uk/id/company/01001112
Longacre Capital PLC,01001113,,,128 Bridge Street,,Edinburgh,,United Kingdom,L1 5NH,Private Limited Company,Dissolved,United Kingdom,,26/09/2018,82990 - Other business support service activities n.e.c.,,,,http://business.data.gov.uk/id/company/01001113
Longacre Ventures LTD,01001114,,,74 Victoria Road,,Glasgow,,United Kingdom,N1 8JS,Private Limited Company,Dissolved,United Kingdom,,22/07/2008,64209 - Activities of other holding companies n.e.c.,,,,http://business.data.gov.uk/id/company/01001114
Marlborough Partners 29 PLC,01001115,,,156 Kings Avenue,,Cardiff,,United Kingdom,WC2H 8HR,Private Limited Company,Active,United Kingdom,,05/10/2014,47190 - Other retail sale in non-specialised stores,,,,http://business.data.gov.uk/id/company/01001115
Harbourview Management LIMITED,01001116,,,11 Mill Lane,,Sheffield,,United Kingdom,B3 9WA,Private Limited Company,Active,United Kingdom,,20/03/2017,70100 - Activities of head offices,,,,http://business.data.gov.uk/id/company/01001116
Crestwood Holdings LLP,01001117,,,65 Victoria Road,,Manchester,,United Kingdom,B3 3HW,Private Limited Company,Active,United Kingdom,,03/02/2014,64209 - Activities of other holding companies n.e.c.,,,,http://business.data.gov.uk/id/company/01001117
Gatehouse Holdings 27 LLP,01001118,,,189 Manor Way,,Glasgow,,United Kingdom,SE1 6DB,Private Limited Company,Active,United Kingdom,,26/03/2024,82990 - Other business support service activities n.e.c.,,,,http://business.data.gov.uk/id/company/01001118
Beaconsfield Trading PLC,01001119,,,223 Park View,,Birmingham,,United Kingdom,LS1 4RF,Private Limited Company,Active,United Kingdom,,26/12/2022,68209 - Other letting and operating of own or leased real estate,,,,http://business.data.gov.uk/id/company/01001119
Northgate Capital PLC,SC1001120,,,100 Station Road,,Edinburgh,,United Kingdom,LS1 4GL,Private Limited Company,Active,United Kingdom,,14/11/2007,68209 - Other letting and operating of own or leased real estate,,,,http://business.data.gov.uk/id/company/SC1001120
Sterling Management LLP,01001121,,,192 High Street,,Edinburgh,,United Kingdom,W1D 3NE,Private Limited Company,Active,United Kingdom,,24/01/1998,70100 - Activities of head offices,,,,http://business.data.gov.uk/id/company/01001121
Harbourview Partners LTD,01001122,,,132 Queens Road,,Leeds,,United Kingdom,SW1A 9GA,Private Limited Company,Active,United Kingdom,,27/02/2012,68209 - Other letting and operating of own or leased real estate,,,,http://business.data.gov.uk/id/company/01001122
Ironbridge Assets LTD,01001123,,,180 Park View,,Bristol,,United Kingdom,EH1 8YX,Private Limited Company,Active,United Kingdom,,02/07/1996,47190 - Other retail sale in non-specialised stores,,,,http://business.data.gov.uk/id/company/01001123
Fairhaven Management LLP,01001124,,,156 High Street,,Leeds,,United Kingdom,EC1V 6ET,Private Limited Company,Active,United Kingdom,,15/09/2023,47190 - Other retail sale in non-specialised stores,,,,http://business.data.gov.uk/id/company/01001124
Meridian Resources PLC,01001125,,,155 Queens Road,,London,,United Kingdom,EC1V 7ET,Private Limited Company,Dissolved,United Kingdom,,25/05/2021,70100 - Activities of head offices,,,,http://business.data.gov.uk/id/company/01001125
Ludgate Management LTD,01001126,,,69 Manor Way,,Manchester,,United Kingdom,BS1 5YD,Private Limited Company,Active,United Kingdom,,14/10/2014,64209 - Activities of other holding companies n.e.c.,,,,http://business.data.gov.uk/id/company/01001126
Ravensworth Properties 39 LIMITED,01001127,,,171 Kings Avenue,,Bristol,,United Kingdom,SE1 3DP,Private Limited Company,Active,United Kingdom,,17/03/2018,47190 - Other retail sale in non-specialised stores,,,,http://business.data.gov.uk/id/company/01001127
Marlborough Ventures LLP,01001128,,,139 Church Lane,,Manchester,,United Kingdom,SW1A 8WG,Private Limited Company,Active,United Kingdom,,03/02/1993,47190 - Other retail sale in non-specialised stores,,,,http://business.data.gov.uk/id/company/01001128
Beaconsfield Assets 40 PLC,01001129,,,38 Park View,,Cardiff,,United Kingdom,LS1 2WT,Private Limited Company,Active,United Kingdom,,16/11/2014,82990 - Other business support service activities n.e.c.,,,,http://business.data.gov.uk/id/company/01001129
Beaconsfield Enterprises PLC,01001130,,,236 Queens Road,,Glasgow,,United Kingdom,BS1 9DR,Private Limited Company,Active,United Kingdom,,15/03/2008,70100 - Activities of head offices,,,,http://business.data.gov.uk/id/company/01001130
Thornbury Assets LLP,01001131,,,34 Bridge Street,,Sheffield,,United Kingdom,SE1 7BS,Private Limited Company,Liquidation,United Kingdom,,06/09/2019,70100 - Activities of head offices,,,,http://business.data.gov.uk/id/company/01001131
Northgate Trading PLC,01001132,,,181 Park View,,Glasgow,,United Kingdom,CF10 6BU,Private Limited Company,Active,United Kingdom,,11/01/2001,82990 - Other business support service activities n.e.c.,,,,http://business.data.gov.uk/id/company/01001132
Ludgate Ventures LLP,01001133,,,218 Queens Road,,Cardiff,,United Kingdom,CF10 3NA,Private Limited Company,Active,United Kingdom,,25/04/2011,70100 - Activities of head offices,,,,http://business.data.gov.uk/id/company/01001133
Northgate Trading 6 PLC,SC1001134,,,38 High Street,,Bristol,,United Kingdom,L1 6FJ,Private Limited Company,Active,United Kingdom,,16/05/2024,70100 - Activities of head offices,,,,http://business.data.gov.uk/id/company/SC1001134
Ludgate Investments LTD,01001135,,,155 Bridge Street,,Birmingham,,United Kingdom,G2 7GW,Private Limited Company,Active,United Kingdom,,13/07/2007,47190 - Other retail sale in non-specialised stores,,,,http://business.data.gov.uk/id/company/01001135
Whitehall Resources PLC,SC1001136,,,118 High Street,,Cardiff,,United Kingdom,CF10 4QF,Private Limited Company,Active,United Kingdom,,28/09/2013,64209 - Activities of other holding companies n.e.c.,,,,http://business.data.gov.uk/id/company/SC1001136
Ravensworth Trading LLP,01001137,,,109 Bridge Street,,Liverpool,,United Kingdom,LS1 7ZP,Private Limited Company,Active,United Kingdom,,01/12/2020,64209 - Activities of other holding companies n.e.c.,,,,http://business.data.gov.uk/id/company/01001137
Beaconsfield Partners LTD,01001138,,,191 Queens Road,,Manchester,,United Kingdom,SW1A 4ZP,Private Limited Company,Liquidation,United Kingdom,,15/08/1994,68209 - Other letting and operating of own or leased real estate,,,,http://business.data.gov.uk/id/company/01001138
Meridian Trading LIMITED,01001139,,,225 Mill Lane,,Leeds,,United Kingdom,S1 1QZ,Private Limited Company,Active,United Kingdom,,04/02/1996,64209 - Activities of other holding companies n.e.c.,,,,http://business.data.gov.uk/id/company/01001139
Whitehall Ventures 3 LLP,SC1001140,,,29 High Street,,Glasgow,,United Kingdom,L1 3BN,Private Limited Company,Active,United Kingdom,,10/01/2012,68209 - Other letting and operating of own or leased real estate,,,,http://business.data.gov.uk/id/company/SC1001140
Ironbridge Holdings LIMITED,01001141,,,190 Park View,,Leeds,,United Kingdom,BS1 9NX,Private Limited Company,Active,United Kingdom,,23/01/2013,47190 - Other retail sale in non-specialised stores,,,,http://business.data.gov.uk/id/company/01001141
Pinnacle Enterprises LLP,01001142,,,159 Kings Avenue,,Cardiff,,United Kingdom,L1 2QS,Private Limited Company,Active,United Kingdom,,03/09/2000,70100 - Activities of head offices,,,,http://business.data.gov.uk/id/company/01001142
Eastbrook Management 40 LIMITED,01001143,,,9 Church Lane,,Liverpool,,United Kingdom,W1D 9HN,Private Limited Company,Active,United Kingdom,,08/03/2003,64209 - Activities of other holding companies n.e.c.,,,,http://business.data.gov.uk/id/company/01001143
Ashcroft Holdings 11 LIMITED,01001144,,,118 Manor Way,,Birmingham,,United Kingdom,M1 3RG,Private Limited Company,Active,United Kingdom,,21/05/2008,82990 - Other business support service activities n.e.c.,,,,http://business.data.gov.uk/id/company/01001144
Aldgate Group PLC,01001145,,,198 Queens Road,,London,,United Kingdom,LS1 5LD,Private Limited Company,Active,United Kingdom,,28/10/2019,47190 - Other retail sale in non-specialised stores,,,,http://business.data.gov.uk/id/company/01001145
Thornbury Partners LTD,01001146,,,76 Kings Avenue,,Cardiff,,United Kingdom,G2 1BQ,Private Limited Company,Active,United Kingdom,,08/06/2009,68209 - Other letting and operating of own or leased real estate,,,,http://business.data.gov.uk/id/company/01001146
Ludgate Trading 33 LTD,01001147,,,223 Manor Way,,Edinburgh,,United Kingdom,L1 2PF,Private Limited Company,Active,United Kingdom,,18/09/1990,70100 - Activities of head offices,,,,http://business.data.gov.uk/id/company/01001147
Thornbury Partners LLP,01001148,,,117 Bridge Street,,Liverpool,,United Kingdom,S1 4PE,Private Limited Company,Dissolved,United Kingdom,,18/08/2020,70100 - Activities of head offices,,,,http://business.data.gov.uk/id/company/01001148
Ashcroft Holdings LTD,01001149,,,219 Mill Lane,,Manchester,,United Kingdom,N1 6LJ,Private Limited Company,Dissolved,United Kingdom,,26/08/1995,70100 - Activities of head offices,,,,http://business.data.gov.uk/id/company/01001149
Beaconsfield Investments LIMITED,01001150,,,141 Kings Avenue,,Birmingham,,United Kingdom,BS1 4ZW,Private Limited Company,Active,United Kingdom,,06/02/1997,82990 - Other business support service activities n.e.c.,,,,http://business.data.gov.uk/id/company/01001150
Gatehouse Assets 32 LLP,01001151,,,67 Mill Lane,,Leeds,,United Kingdom,N1 9AF,Private Limited Company,Dissolved,United Kingdom,,16/02/1997,68209 - Other letting and operating of own or leased real estate,,,,http://business.data.gov.uk/id/company/01001151
Kingsway Properties PLC,01001152,,,240 Manor Way,,Sheffield,,United Kingdom,CF10 6TH,Private Limited Company,Active,United Kingdom,,17/05/1994,82990 - Other business support service activities n.e.c.,,,,http://business.data.gov.uk/id/company/01001152
Thornbury Ventures LTD,01001153,,,68 Church Lane,,Bristol,,United Kingdom,CF10 6EW,Private Limited Company,Active,United Kingdom,,23/07/2024,68209 - Other letting and operating of own or leased real estate,,,,http://business.data.gov.uk/id/company/01001153
Kingsway Resources PLC,SC1001154,,,121 Park View,,Liverpool,,United Kingdom,CF10 3PZ,Private Limited Company,Active,United Kingdom,,11/01/2006,82990 - Other business support service activities n.e.c.,,,,http://business.data.gov.uk/id/company/SC1001154
Aldgate Trading PLC,01001155,,,21 Manor Way,,Manchester,,United Kingdom,BS1 5SQ,Private Limited Company,Active,United Kingdom,,25/06/2012,47190 - Other retail sale in non-specialised stores,,,,http://business.data.gov.uk/id/company/01001155
Gatehouse Properties LTD,01001156,,,167 Kings Avenue,,Edinburgh,,United Kingdom,S1 2NL,Private Limited Company,Active,United Kingdom,,13/01/1990,64209 - Activities of other holding companies n.e.c.,,,,http://business.data.gov.uk/id/company/01001156
Ashcroft Partners LTD,01001157,,,65 Kings Avenue,,Birmingham,,United Kingdom,W1D 8AE,Private Limited Company,Active,United Kingdom,,16/07/2004,82990 - Other business support service activities n.e.c.,,,,http://business.data.gov.uk/id/company/01001157
Ludgate Management LIMITED,01001158,,,124 Park View,,Cardiff,,United Kingdom,WC2H 8SQ,Private Limited Company,Active,United Kingdom,,26/01/2018,47190 - Other retail sale in non-specialised stores,,,,http://business.data.gov.uk/id/company/01001158
Sterling Group PLC,01001159,,,137 Park View,,London,,United Kingdom,G2 9XX,Private Limited Company,Active,United Kingdom,,19/12/2015,64209 - Activities of other holding companies n.e.c.,,,,http://business.data.gov.uk/id/company/01001159
Gatehouse Partners PLC,01001160,,,15 Station Road,,Bristol,,United Kingdom,M1 3UL,Private Limited Company,Active,United Kingdom,,05/07/1998,47190 - Other retail sale in non-specialised stores,,,,http://business.data.gov.uk/id/company/01001160
Longacre Group PLC,01001161,,,141 Church Lane,,Bristol,,United Kingdom,N1 5QQ,Private Limited Company,Dissolved,United Kingdom,,02/12/1995,47190 - Other retail sale in non-specialised stores,,,,http://business.data.gov.uk/id/company/01001161
Silverline Holdings LTD,01001162,,,115 Church Lane,,Manchester,,United Kingdom,LS1 6SG,Private Limited Company,Active,United Kingdom,,13/08/1998,68209 - Other letting and operating of own or leased real estate,,,,http://business.data.gov.uk/id/company/01001162
Meridian Capital LLP,01001163,,,177 Church Lane,,Manchester,,United Kingdom,SW1A 6WU,Private Limited Company,Active,United Kingdom,,25/09/2005,68209 - Other letting and operating of own or leased real estate,,,,http://business.data.gov.uk/id/company/01001163
Aldgate Group LTD,01001164,,,86 High Street,,Bristol,,United Kingdom,B3 5JY,Private Limited Company,Active,United Kingdom,,28/12/1997,82990 - Other business support service activities n.e.c.,,,,http://business.data.gov.uk/id/company/01001164
Thornbury Capital LTD,01001165,,,107 Bridge Street,,Leeds,,United Kingdom,N1 2FH,Private Limited Company,Liquidation,United Kingdom,,02/11/2001,68209 - Other letting and operating of own or leased real estate,,,,http://business.data.gov.uk/id/company/01001165
Meridian Enterprises 29 LTD,01001166,,,124 Bridge Street,,Glasgow,,United Kingdom,CF10 5EZ,Private Limited Company,Active,United Kingdom,,17/12/2000,64209 - Activities of other holding companies n.e.c.,,,,http://business.data.gov.uk/id/company/01001166
Gatehouse Assets LIMITED,01001167,,,11 Church Lane,,Manchester,,United Kingdom,W1D 3ZP,Private Limited Company,Active,United Kingdom,,25/10/2022,47190 - Other retail sale in non-specialised stores,,,,http://business.data.gov.uk/id/company/01001167
Gatehouse Ventures LIMITED,01001168,,,115 Bridge Street,,Leeds,,United Kingdom,M1 7HL,Private Limited Company,Active,United Kingdom,,26/03/2011,82990 - Other business support service activities n.e.c.,,,,http://business.data.gov.uk/id/company/01001168
Gatehouse Holdings LTD,01001169,,,182 Manor Way,,Glasgow,,United Kingdom,WC2H 5ZU,Private Limited Company,Active,United Kingdom,,11/12/1990,82990 - Other business support service activities n.e.c.,,,,http://business.data.gov.uk/id/company/01001169
Marlborough Resources PLC,01001170,,,202 Queens Road,,Glasgow,,United Kingdom,L1 8UU,Private Limited Company,Active,United Kingdom,,13/01/2010,64209 - Activities of other holding companies n.e.c.,,,,http://business.data.gov.uk/id/company/01001170
Eastbrook Trading LLP,01001171,,,148 Queens Road,,Birmingham,,United Kingdom,CF10 7WQ,Private Limited Company,Active,United Kingdom,,09/03/2009,70100 - Activities of head offices,,,,http://business.data.gov.uk/id/company/01001171
Marlborough Ventures 13 LTD,01001172,,,140 Church Lane,,Sheffield,,United Kingdom,EH1 5WP,Private Limited Company,Active,United Kingdom,,28/07/2004,70100 - Activities of head offices,,,,http://business.data.gov.uk/id/company/01001172
Ironbridge Trading LLP,01001173,,,114 Mill Lane,,Birmingham,,United Kingdom,SW1A 6LU,Private Limited Company,Active,United Kingdom,,26/08/2017,82990 - Other business support service activities n.e.c.,,,,http://business.data.gov.uk/id/company/01001173
Sterling Holdings LTD,01001174,,,249 Mill Lane,,Glasgow,,United Kingdom,M1 8UZ,Private Limited Company,Active,United Kingdom,,08/09/2003,70100 - Activities of head offices,,,,http://business.data.gov.uk/id/company/01001174
Ludgate Group LTD,01001175,,,193 Manor Way,,Birmingham,,United Kingdom,CF10 5XS,Private Limited Company,Active,United Kingdom,,11/06/1997,82990 - Other business support service activities n.e.c.,,,,http://business.data.gov.uk/id/company/01001175
Blackwater Investments LIMITED,01001176,,,218 Victoria Road,,London,,United Kingdom,EH1 6SW,Private Limited Company,Active,United Kingdom,,26/12/1991,47190 - Other retail sale in non-specialised stores,,,,http://business.data.gov.uk/id/company/01001176
Ravensworth Holdings 27 PLC,01001177,,,1 Station Road,,Leeds,,United Kingdom,EH1 7FS,Private Limited Company,Active,United Kingdom,,13/06/2022,82990 - Other business support service activities n.e.c.,,,,http://business.data.gov.uk/id/company/01001177
Crestwood Resources 40 LIMITED,01001178,,,116 Manor Way,,Edinburgh,,United Kingdom,G2 3AP,Private Limited Company,Active,United Kingdom,,23/01/2002,47190 - Other retail sale in non-specialised stores,,,,http://business.data.gov.uk/id/company/01001178
Camberwell Enterprises LTD,SC1001179,,,112 Mill Lane,,Birmingham,,United Kingdom,SW1A 6XJ,Private Limited Company,Active,United Kingdom,,11/06/1990,47190 - Other retail sale in non-specialised stores,,,,http://business.data.gov.uk/id/company/SC1001179
Crestwood Group PLC,01001180,,,213 Station Road,,Sheffield,,United Kingdom,W1D 1WQ,Private Limited Company,Active,United Kingdom,,15/09/2000,70100 - Activities of head offices,,,,http://business.data.gov.uk/id/company/01001180
Thornbury Resources LTD,01001181,,,148 Manor Way,,Birmingham,,United Kingdom,SW1A 8HJ,Private Limited Company,Active,United Kingdom,,03/01/2017,68209 - Other letting and operating of own or leased real estate,,,,http://business.data.gov.uk/id/company/01001181
Camberwell Management LIMITED,01001182,,,41 Park View,,Glasgow,,United Kingdom,N1 4GA,Private Limited Company,Active,United Kingdom,,24/01/2004,70100 - Activities of head offices,,,,http://business.data.gov.uk/id/company/01001182
Camberwell Management 23 LLP,01001183,,,48 Bridge Street,,Glasgow,,United Kingdom,WC2H 5JU,Private Limited Company,Active,United Kingdom,,25/11/2010,68209 - Other letting and operating of own or leased real estate,,,,http://business.data.gov.uk/id/company/01001183
Blackwater Investments 10 LTD,01001184,,,50 Bridge Street,,Leeds,,United Kingdom,M1 2HE,Private Limited Company,Active,United Kingdom,,27/06/2009,70100 - Activities of head offices,,,,http://business.data.gov.uk/id/company/01001184
Thornbury Properties LIMITED,01001185,,,249 Queens Road,,Sheffield,,United Kingdom,CF10 8HU,Private Limited Company,Active,United Kingdom,,26/08/2009,70100 - Activities of head offices,,,,http://business.data.gov.uk/id/company/01001185
Kingsway Enterprises LTD,01001186,,,116 Kings Avenue,,Leeds,,United Kingdom,S1 9SR,Private Limited Company,Dissolved,United Kingdom,,09/07/2018,64209 - Activities of other holding companies n.e.c.,,,,http://business.data.gov.uk/id/company/01001186
Crestwood Investments PLC,01001187,,,148 Manor Way,,Bristol,,United Kingdom,M1 7ZG,Private Limited Company,Active,United Kingdom,,20/12/2002,47190 - Other retail sale in non-specialised stores,,,,http://business.data.gov.uk/id/company/01001187
Ashcroft Holdings PLC,01001188,,,135 Queens Road,,Cardiff,,United Kingdom,S1 9GJ,Private Limited Company,Active,United Kingdom,,04/01/1999,47190 - Other retail sale in non-specialised stores,,,,http://business.data.gov.uk/id/company/01001188
Crestwood Holdings PLC,01001189,,,23 Bridge Street,,Bristol,,United Kingdom,N1 1AJ,Private Limited Company,Active,United Kingdom,,08/04/2003,64209 - Activities of other holding companies n.e.c.,,,,http://business.data.gov.uk/id/company/01001189
Beaconsfield Capital LLP,01001190,,,131 Kings Avenue,,Birmingham,,United Kingdom,N1 4GR,Private Limited Company,Active,United Kingdom,,16/06/2021,68209 - Other letting and operating of own or leased real estate,,,,http://business.data.gov.uk/id/company/01001190
Ironbridge Management PLC,01001191,,,49 Kings Avenue,,Bristol,,United Kingdom,S1 7QD,Private Limited Company,Active,United Kingdom,,11/10/2010,70100 - Activities of head offices,,,,http://business.data.gov.uk/id/company/01001191
Ravensworth Capital 14 LTD,01001192,,,175 Victoria Road,,London,,United Kingdom,EC1V 8SL,Private Limited Company,Active,United Kingdom,,16/09/2004,68209 - Other letting and operating of own or leased real estate,,,,http://business.data.gov.uk/id/company/01001192
Ravensworth Properties PLC,01001193,,,230 Victoria Road,,Manchester,,United Kingdom,L1 8EQ,Private Limited Company,Active,United Kingdom,,06/09/2004,68209 - Other letting and operating of own or leased real estate,,,,http://business.data.gov.uk/id/company/01001193
Crestwood Holdings LTD,01001194,,,193 Queens Road,,Manchester,,United Kingdom,S1 2UG,Private Limited Company,Active,United Kingdom,,27/07/1992,64209 - Activities of other holding companies n.e.c.,,,,http://business.data.gov.uk/id/company/01001194
Northgate Investments LLP,01001195,,,60 Manor Way,,Edinburgh,,United Kingdom,L1 4NS,Private Limited Company,Active,United Kingdom,,25/07/1996,64209 - Activities of other holding companies n.e.c.,,,,http://business.data.gov.uk/id/company/01001195
Ravensworth Investments LIMITED,01001196,,,237 Mill Lane,,London,,United Kingdom,W1D 5HJ,Private Limited Company,Active,United Kingdom,,20/05/1991,68209 - Other letting and operating of own or leased real estate,,,,http://business.data.gov.uk/id/company/01001196
Beaconsfield Enterprises LTD,01001197,,,239 High Street,,Edinburgh,,United Kingdom,G2 9RN,Private Limited Company,Active,United Kingdom,,21/09/2019,47190 - Other retail sale in non-specialised stores,,,,http://business.data.gov.uk/id/company/01001197
Fairhaven Management PLC,01001198,,,209 Station Road,,Birmingham,,United Kingdom,G2 1AR,Private Limited Company,Dissolved,United Kingdom,,23/01/2010,47190 - Other retail sale in non-specialised stores,,,,http://business.data.gov.uk/id/company/01001198
Crestwood Properties 22 PLC,01001199,,,245 Kings Avenue,,London,,United Kingdom,BS1 5JP,Private Limited Company,Active,United Kingdom,,02/11/2012,47190 - Other retail sale in non-specialised stores,,,,http://business.data.gov.uk/id/company/01001199
